Record_ID,Reference_Year,Season_Year,Season,Geography,Geography_Type,Major_Sown_Ha,Minor_Sown_Ha,Rainfed_Sown_Ha,All_Sown_Ha,Major_Harvested_Ha,Minor_Harvested_Ha,Rainfed_Harvested_Ha,All_Harvested_Ha,Major_Yield_kg_per_ha,Minor_Yield_kg_per_ha,Rainfed_Yield_kg_per_ha,Average_Yield_kg_per_ha,Nett_Harvested_Ha,Total_Production_MT
1,2005,2005/06,Maha,AMPARA,District,54943,2031,5741,62715,54942,2031,5660,62632,4729,3823,3364,4576,59858,273932
2,2005,2005/06,Maha,ANURADHAPURA,District,27316,31093,3373,61782,27306,31030,3369,61705,4778,4383,3694,4520,49617,224258
3,2005,2005/06,Maha,BADULLA,District,10395,8555,3212,22162,10394,8550,3212,22156,4767,4030,3354,4278,18832,80562
4,2005,2005/06,Maha,BATTICALOA,District,17289,2058,27426,46772,17156,2040,27378,46573,3346,3145,3125,3207,41106,131830
5,2005,2005/06,Maha,COLOMBO,District,100,1087,3236,4422,100,1085,3231,4416,3944,2858,3394,3275,3754,12292
6,2005,2005/06,Maha,GALLE,District,,175,13929,14104,,175,13905,14079,,3861,3493,3498,11019,38540
7,2005,2005/06,Maha,GAMPAHA,District,1227,1086,7522,9835,1213,1071,7469,9753,3863,3541,3570,3603,8290,29869
8,2005,2005/06,Maha,HAMBANTOTA,District,15241,3527,1112,19881,15241,3521,1111,19873,5249,4595,4099,5069,17363,88006
9,2005,2005/06,Maha,JAFFNA,District,,,7568,7568,,,7249,7249,,,1977,1977,6433,12719
10,2005,2005/06,Maha,KALUTARA,District,94,1896,11207,13197,93,1885,11182,13160,3207,3006,2833,2861,12140,34729
11,2005,2005/06,Maha,KANDY,District,3859,5174,3752,12784,3859,4993,3744,12595,4726,3261,2960,3620,9960,36060
12,2005,2005/06,Maha,KEGALLE,District,,2223,6554,8777,,2223,6553,8776,,3940,4063,4032,8221,33151
13,2005,2005/06,Maha,KILLINOCHCHI,District,6589,446,9429,16464,5731,388,8205,14324,3542,2538,3246,3345,12711,42522
14,2005,2005/06,Maha,KURUNEGALA,District,12691,32699,27942,73331,12691,32636,27879,73205,4262,3542,3512,3655,73205,267590
15,2005,2005/06,Maha,MANNAR,District,8375,1334,6,9715,8040,1280,6,9326,4251,3234,,4108,8904,36584
16,2005,2005/06,Maha,MATALE,District,5144,7221,3541,15906,5144,7206,3523,15874,4176,3177,3047,3472,14275,49562
17,2005,2005/06,Maha,MATARA,District,3541,2901,8341,14782,3541,2899,8228,14667,4437,3676,3971,4025,11580,46608
18,2005,2005/06,Maha,MONARAGALA,District,5444,6154,5148,16746,5444,6154,5148,16746,4700,3616,3578,3957,16411,64932
19,2005,2005/06,Maha,MULATIVU,District,3795,2026,3760,9581,3562,1974,3699,9235,3883,3125,3641,3624,8713,31576
20,2005,2005/06,Maha,NUWARAELIYA,District,1244,4569,121,5935,1244,4569,121,5934,3795,3934,3581,3898,3344,13032
21,2005,2005/06,Maha,POLONNARUWA,District,50434,1610,1132,53176,49922,1607,1131,52659,4955,4460,3627,4911,46582,228781
22,2005,2005/06,Maha,PUTTALAM,District,5309,5361,689,11360,5287,5296,680,11263,3762,3095,3807,3451,9573,33039
23,2005,2005/06,Maha,RATNAPURA,District,1868,6645,3705,12219,1868,6631,3696,12196,4440,2836,2605,3012,10366,31221
24,2005,2005/06,Maha,TRINCOMALEE,District,14918,2918,5907,23743,14565,2897,5733,23195,4300,3419,3390,3965,21548,85439
25,2005,2005/06,Maha,VAVUNIYA,District,2910,6169,251,9330,2896,6156,251,9303,4023,3862,3341,3898,8777,34214
26,2005,2005,Yala,AMPARA,District,54705,1436,183,56324,54703,1436,183,56322,4775,4452,4452,4766,53827,256551
27,2005,2005,Yala,ANURADHAPURA,District,17126,7150,18,24294,17126,7117,18,24261,4316,4018,3331,4228,19508,82477
28,2005,2005,Yala,BADULLA,District,8273,3099,22,11394,8273,3099,22,11394,4551,3457,3457,4251,9685,41170
29,2005,2005,Yala,BATTICALOA,District,15458,1261,,16719,15455,1253,,16707,3418,3854,,3451,14746,50882
30,2005,2005,Yala,COLOMBO,District,63,580,1621,2263,63,578,1616,2257,2138,2252,2506,2431,1918,4663
31,2005,2005,Yala,GALLE,District,,72,9342,9414,,61,9275,9336,,3499,2783,2788,7306,20369
32,2005,2005,Yala,GAMPAHA,District,819,347,2321,3487,793,347,2268,3408,3369,3261,2441,2741,2897,7938
33,2005,2005,Yala,HAMBANTOTA,District,13559,2269,805,16633,13485,2210,798,16492,4357,3449,2916,4166,14409,60028
34,2005,2005,Yala,JAFFNA,District,,,,,,,,,,,,,,
35,2005,2005,Yala,KALUTARA,District,75,1678,9726,11479,73,1668,9705,11446,2437,2444,2316,2335,10559,24656
36,2005,2005,Yala,KANDY,District,3828,2685,2338,8852,3827,2647,2300,8774,4657,2494,2691,3489,6938,24208
37,2005,2005,Yala,KEGALLE,District,,1880,5894,7774,,1877,5873,7750,,3127,3062,3078,7260,22346
38,2005,2005,Yala,KILLINOCHCHI,District,5347,42,,5389,4685,39,,4724,3599,3350,,3597,4192,15078
39,2005,2005,Yala,KURUNEGALA,District,9271,17850,17841,44961,9068,15010,12695,36773,3867,2763,2532,2955,36773,108670
40,2005,2005,Yala,MANNAR,District,958,135,,1093,939,132,,1071,4141,3815,,4101,1023,4194
41,2005,2005,Yala,MATALE,District,2144,2774,450,5368,2140,2703,434,5276,3257,3275,2519,3205,4745,15210
42,2005,2005,Yala,MATARA,District,3637,2803,7676,14115,3628,2801,7673,14103,4060,3295,2794,3219,11134,35843
43,2005,2005,Yala,MONARAGALA,District,3622,2371,121,6114,3620,2342,121,6082,3951,3377,2988,3711,5961,22121
44,2005,2005,Yala,MULATIVU,District,1836,478,205,2519,1787,461,194,2442,3780,4037,3316,3792,2304,8737
45,2005,2005,Yala,NUWARAELIYA,District,444,1452,37,1932,435,1422,36,1893,2962,2881,3812,2917,1067,3112
46,2005,2005,Yala,POLONNARUWA,District,48025,1840,,49865,48017,1812,,49829,4778,4315,,4761,44079,209846
47,2005,2005,Yala,PUTTALAM,District,2522,3009,396,5927,2414,2827,392,5634,3869,3065,2998,3405,4789,16304
48,2005,2005,Yala,RATNAPURA,District,1815,5733,2828,10375,1815,5687,2814,10316,3961,2928,2621,3026,8769,26532
49,2005,2005,Yala,TRINCOMALEE,District,14769,1552,,16321,13542,1552,,15095,4447,4615,,4464,14023,62603
50,2005,2005,Yala,VAVUNIYA,District,616,701,16,1332,616,699,16,1330,3873,3981,3981,3931,1255,4934
51,2006,2006/07,Maha,AMPARA,District,46825,1155,3823,51803,46823,1154,3770,51747,5029,4263,3970,4934,49454,244031
52,2006,2006/07,Maha,ANURADHAPURA,District,24853,29947,2761,57562,24853,29876,2760,57490,5067,4567,3377,4726,46228,218485
53,2006,2006/07,Maha,BADULLA,District,10398,8637,3231,22266,10397,8632,3231,22260,5060,3993,3599,4434,18921,83899
54,2006,2006/07,Maha,BATTICALOA,District,6651,194,11623,18469,5108,55,9522,14685,3480,2697,2577,2891,12961,37476
55,2006,2006/07,Maha,COLOMBO,District,52,747,2555,3354,52,747,2550,3349,3004,3010,3040,3033,2846,8632
56,2006,2006/07,Maha,GALLE,District,,144,12251,12395,,144,12226,12370,,3418,3418,3418,9681,33088
57,2006,2006/07,Maha,GAMPAHA,District,1027,903,6472,8402,926,853,6311,8091,3079,2912,3171,3134,6878,21551
58,2006,2006/07,Maha,HAMBANTOTA,District,17305,4003,1012,22320,16834,3983,1059,21875,5429,4743,3591,5215,19112,99677
59,2006,2006/07,Maha,JAFFNA,District,,,6918,6918,,,6257,6257,,,2141,2141,5552,11886
60,2006,2006/07,Maha,KALUTARA,District,79,1801,10631,12511,74,1628,9728,11431,3217,3025,3194,3170,10545,33424
61,2006,2006/07,Maha,KANDY,District,3894,4958,3189,12042,3894,4955,3189,12039,5083,2678,3639,3710,9520,35322
62,2006,2006/07,Maha,KEGALLE,District,,2144,6089,8233,,2144,6084,8228,,3255,3103,3143,7708,24223
63,2006,2006/07,Maha,KILLINOCHCHI,District,6589,469,9430,16488,5731,408,8206,14345,3542,2538,3246,3344,12729,42569
64,2006,2006/07,Maha,KURUNEGALA,District,12699,32799,26233,71731,12683,32519,24533,69736,4739,4163,3500,4035,69736,281367
65,2006,2006/07,Maha,MANNAR,District,4830,837,,5668,4637,805,,5442,3924,3584,,3874,5196,20130
66,2006,2006/07,Maha,MATALE,District,4745,7020,3516,15281,4745,6975,3469,15189,4147,3820,3576,3866,13660,52813
67,2006,2006/07,Maha,MATARA,District,3034,2845,7297,13176,3034,2533,7291,12858,4337,3811,3382,3692,10151,37477
68,2006,2006/07,Maha,MONARAGALA,District,6657,7614,9273,23544,6646,7611,8814,23071,4904,3944,3598,4089,22609,92439
69,2006,2006/07,Maha,MULATIVU,District,3795,2014,3760,9568,3561,1974,3699,9235,3883,3125,3641,3624,8713,31575
70,2006,2006/07,Maha,NUWARAELIYA,District,1020,4194,121,5335,1020,4190,121,5331,4369,3244,3210,3459,3004,10390
71,2006,2006/07,Maha,POLONNARUWA,District,47846,1591,1128,50565,47837,1590,1106,50533,5143,4821,4514,5119,44701,228835
72,2006,2006/07,Maha,PUTTALAM,District,5568,6337,673,12579,5309,5940,525,11774,4274,3735,3383,3962,10008,39652
73,2006,2006/07,Maha,RATNAPURA,District,1904,5987,3245,11136,1904,5952,3237,11092,4348,3382,2678,3342,9429,31512
74,2006,2006/07,Maha,TRINCOMALEE,District,11537,1575,3175,16287,11527,1575,2824,15926,4386,4156,3809,4261,14796,63039
75,2006,2006/07,Maha,VAVUNIYA,District,692,3248,125,4064,690,3242,120,4052,4499,4306,3924,4327,3823,16542
76,2006,2006,Yala,AMPARA,District,53667,1309,59,55036,53653,1308,59,55021,4901,4212,4624,4884,52584,256824
77,2006,2006,Yala,ANURADHAPURA,District,15472,5706,23,21201,15428,5621,23,21072,4704,4165,4071,4560,16944,77257
78,2006,2006,Yala,BADULLA,District,8198,3121,18,11337,8182,3098,18,11298,4591,3855,3949,4388,9603,42141
79,2006,2006,Yala,BATTICALOA,District,14397,1079,22,15498,14215,988,22,15226,3650,3623,3623,3649,13438,49031
80,2006,2006,Yala,COLOMBO,District,17,68,394,480,16,65,374,456,2702,2702,2502,2537,387,983
81,2006,2006,Yala,GALLE,District,,27,4886,4912,,27,4869,4895,,4205,2720,2728,3831,10453
82,2006,2006,Yala,GAMPAHA,District,420,68,670,1158,409,64,628,1102,2839,2818,2526,2659,936,2490
83,2006,2006,Yala,HAMBANTOTA,District,13490,2202,756,16448,13466,2187,753,16406,4693,3615,2962,4470,14334,64069
84,2006,2006,Yala,JAFFNA,District,,,,,,,,,,,,,,
85,2006,2006,Yala,KALUTARA,District,22,1437,8300,9759,22,1351,8012,9385,2910,2857,2665,2693,8657,23316
86,2006,2006,Yala,KANDY,District,3797,2599,1671,8067,3796,2595,1501,7893,4627,3215,3222,3895,6241,24313
87,2006,2006,Yala,KEGALLE,District,,1432,4039,5471,,1431,4037,5468,,3340,3055,3130,5122,16030
88,2006,2006,Yala,KILLINOCHCHI,District,5187,48,,5235,4451,37,,4488,3563,3317,,3561,3982,14180
89,2006,2006,Yala,KURUNEGALA,District,10387,17221,7484,35093,9868,16360,7110,33338,4291,3527,3058,3653,33338,121783
90,2006,2006,Yala,MANNAR,District,43,5,,48,43,5,,48,4100,3777,,4067,46,185
91,2006,2006,Yala,MATALE,District,3749,2965,554,7268,3749,2965,554,7268,3925,3228,3224,3587,6536,23447
92,2006,2006,Yala,MATARA,District,2929,2105,6409,11443,2920,2105,6390,11415,3702,3324,3556,3550,9012,31996
93,2006,2006,Yala,MONARAGALA,District,4023,2398,158,6579,4023,2398,158,6579,4383,3542,3516,4055,6448,26148
94,2006,2006,Yala,MULATIVU,District,1653,353,749,2755,1570,335,712,2617,3742,3997,3283,3650,2469,9012
95,2006,2006,Yala,NUWARAELIYA,District,459,1430,34,1923,449,1401,34,1883,3229,3069,3774,3120,1061,3311
96,2006,2006,Yala,POLONNARUWA,District,46844,1657,,48501,46844,1657,,48501,4909,4628,,4899,42904,210183
97,2006,2006,Yala,PUTTALAM,District,3276,3223,283,6781,3119,3194,261,6574,4257,3121,2790,3647,5588,20378
98,2006,2006,Yala,RATNAPURA,District,1847,5263,2410,9520,1843,5241,2397,9482,4267,3361,2690,3368,8060,27142
99,2006,2006,Yala,TRINCOMALEE,District,10077,950,,11027,9549,781,,10330,4484,3573,,4415,9596,42370
100,2006,2006,Yala,VAVUNIYA,District,293,428,,721,291,420,,710,4526,4367,,4432,670,2970
101,2007,2007/08,Maha,AMPARA,District,57966,1692,4832,64490,57949,1692,4794,64435,4966,4090,3909,4864,61580,299533
102,2007,2007/08,Maha,ANURADHAPURA,District,28061,39691,4965,72717,27590,39013,4917,71520,4769,4110,3339,4311,57509,247941
103,2007,2007/08,Maha,BADULLA,District,10771,10097,4464,25331,10770,10055,4463,25288,4610,3870,3355,4094,21495,88002
104,2007,2007/08,Maha,BATTICALOA,District,9380,389,9366,19134,7661,341,9028,17030,4035,3390,3353,3661,15030,55020
105,2007,2007/08,Maha,COLOMBO,District,84,805,2879,3767,84,805,2879,3767,3889,3214,3571,3502,3202,11212
106,2007,2007/08,Maha,GALLE,District,,111,14568,14679,,108,14543,14652,,3608,3186,3190,11466,36572
107,2007,2007/08,Maha,GAMPAHA,District,1211,1239,6910,9360,1211,1238,6879,9328,4298,3502,3353,3495,7929,27714
108,2007,2007/08,Maha,HAMBANTOTA,District,18799,4048,1387,24234,18751,3928,1328,24007,4866,4645,3643,4762,20975,99879
109,2007,2007/08,Maha,JAFFNA,District,,,7566,7566,,,7248,7248,,,2887,2887,6432,18568
110,2007,2007/08,Maha,KALUTARA,District,109,1991,11376,13476,109,1991,11376,13476,2585,2979,2870,2884,12431,35847
111,2007,2007/08,Maha,KANDY,District,4136,5530,3811,13476,4136,5528,3788,13453,4714,3294,3412,3764,10639,40040
112,2007,2007/08,Maha,KEGALLE,District,,2470,5016,7486,,2331,4844,7174,,3507,3866,3749,6721,25198
113,2007,2007/08,Maha,KILLINOCHCHI,District,7284,486,6880,14650,5827,437,6192,12456,3351,2320,2320,2803,11054,30979
114,2007,2007/08,Maha,KURUNEGALA,District,15223,32043,28085,75351,15223,32005,28014,75243,4439,3773,3585,3838,75243,288764
115,2007,2007/08,Maha,MANNAR,District,4410,484,,4894,2301,380,,2681,3707,3234,,3640,2559,9317
116,2007,2007/08,Maha,MATALE,District,6181,8416,4522,19119,6021,8360,4497,18878,4544,3122,3054,3559,16977,60427
117,2007,2007/08,Maha,MATARA,District,3587,3029,8248,14865,3587,3025,8230,14842,4184,3961,3730,3887,11718,45546
118,2007,2007/08,Maha,MONARAGALA,District,6859,7690,11279,25827,6829,7615,10970,25415,4484,4109,3607,3993,24906,99446
119,2007,2007/08,Maha,MULATIVU,District,2873,1335,2388,6596,2586,1202,2149,5937,3867,3094,3094,3430,5601,19215
120,2007,2007/08,Maha,NUWARAELIYA,District,1191,4224,212,5627,1191,4224,212,5627,4343,3818,3818,3929,3171,12458
121,2007,2007/08,Maha,POLONNARUWA,District,51502,2429,1598,55529,51275,2388,1576,55240,4947,4529,3927,4900,48865,239437
122,2007,2007/08,Maha,PUTTALAM,District,4538,6441,1305,12284,4536,6265,1248,12050,4114,3649,3742,3834,10242,39269
123,2007,2007/08,Maha,RATNAPURA,District,1840,6386,3799,12025,1821,6313,3772,11906,4222,3228,2992,3305,10120,33449
124,2007,2007/08,Maha,TRINCOMALEE,District,12910,2407,3670,18987,10615,2371,3606,16592,4599,4397,3730,4381,15414,67534
125,2007,2007/08,Maha,VAVUNIYA,District,1752,4285,384,6422,1752,4265,384,6402,4275,3327,3327,3587,6040,21663
126,2007,2007,Yala,AMPARA,District,52332,1456,,53787,52210,1423,,53633,5025,3841,,4993,51257,255935
127,2007,2007,Yala,ANURADHAPURA,District,11286,3331,19,14635,11281,3324,19,14623,4953,4301,4301,4804,11759,56492
128,2007,2007,Yala,BADULLA,District,7693,2997,15,10705,7693,2997,15,10705,4939,3874,3874,4639,9099,42214
129,2007,2007,Yala,BATTICALOA,District,2450,219,36,2705,1906,198,36,2141,3680,3680,3680,3680,1890,6955
130,2007,2007,Yala,COLOMBO,District,39,171,669,879,39,171,668,878,3250,3250,3377,3346,746,2498
131,2007,2007,Yala,GALLE,District,,36,5834,5871,,36,5803,5840,,3169,3263,3262,4570,14908
132,2007,2007,Yala,GAMPAHA,District,446,112,1849,2407,446,112,1837,2395,3297,2714,3800,3656,2035,7441
133,2007,2007,Yala,HAMBANTOTA,District,17302,2872,749,20923,17214,2841,716,20771,5038,4770,3261,4940,18148,89652
134,2007,2007,Yala,JAFFNA,District,,,,,,,,,,,,,,
135,2007,2007,Yala,KALUTARA,District,44,1111,5981,7135,44,1102,5968,7114,2838,3446,2990,3060,6562,20079
136,2007,2007,Yala,KANDY,District,3766,2252,2139,8157,3728,2230,2096,8054,4725,2993,3407,3903,6369,24856
137,2007,2007,Yala,KEGALLE,District,,1261,3898,5159,,1233,3815,5049,,3210,3317,3291,4730,15566
138,2007,2007,Yala,KILLINOCHCHI,District,3440,121,,3561,3405,120,,3526,3542,2538,,3507,3129,10974
139,2007,2007,Yala,KURUNEGALA,District,8415,9132,11182,28729,8406,6371,8003,22780,4704,3024,3340,3755,22780,85542
140,2007,2007,Yala,MANNAR,District,821,22,,843,812,22,,835,4251,3234,,4224,797,3366
141,2007,2007,Yala,MATALE,District,2855,2171,559,5585,2836,2135,555,5526,4661,3699,2635,4086,4969,20304
142,2007,2007,Yala,MATARA,District,3259,3055,7031,13345,3184,2970,6964,13118,4104,3804,3493,3712,10357,38441
143,2007,2007,Yala,MONARAGALA,District,5103,3498,325,8926,5103,3496,324,8923,4534,4166,4166,4377,8744,38269
144,2007,2007,Yala,MULATIVU,District,1295,162,405,1862,1282,160,397,1839,3883,3125,3641,3765,1735,6532
145,2007,2007,Yala,NUWARAELIYA,District,454,1584,34,2072,454,1577,34,2066,3582,3737,3737,3703,1164,4310
146,2007,2007,Yala,POLONNARUWA,District,47925,1633,,49558,47914,1626,,49540,5065,4817,,5057,43823,221598
147,2007,2007,Yala,PUTTALAM,District,3152,1945,223,5320,3152,1844,219,5215,4403,3811,3247,4145,4433,18373
148,2007,2007,Yala,RATNAPURA,District,1819,4116,1502,7437,1816,4030,1474,7320,5059,3760,3203,3970,6222,24701
149,2007,2007,Yala,TRINCOMALEE,District,9925,442,,10368,9925,442,,10368,4386,4156,,4376,9632,42147
150,2007,2007,Yala,VAVUNIYA,District,407,179,,586,407,178,,585,4505,4312,,4446,552,2453
151,2008,2008/09,Maha,AMPARA,District,60453,2302,7224,69979,60216,2068,6164,68448,5295,4151,4152,5158,65416,337390
152,2008,2008/09,Maha,ANURADHAPURA,District,29488,44355,6880,80724,29447,43163,6549,79159,5083,4522,3341,4633,63652,294898
153,2008,2008/09,Maha,BADULLA,District,10944,10371,5910,27225,10808,8803,506,20117,5223,3697,2370,4484,17099,76667
154,2008,2008/09,Maha,BATTICALOA,District,19198,1718,24989,45905,19185,1711,24958,45854,3656,3577,3630,3639,40471,147278
155,2008,2008/09,Maha,COLOMBO,District,117,971,3418,4506,117,970,3418,4504,3568,3501,3568,3554,3829,13605
156,2008,2008/09,Maha,GALLE,District,,124,15806,15930,,122,15527,15649,,3255,3031,3032,12247,37139
157,2008,2008/09,Maha,GAMPAHA,District,1565,2238,7023,10826,1556,2208,6914,10678,3415,3389,3327,3353,9076,30430
158,2008,2008/09,Maha,HAMBANTOTA,District,19516,4578,1480,25575,19321,4514,1480,25315,5445,4987,4281,5295,22117,117115
159,2008,2008/09,Maha,JAFFNA,District,,,8171,8171,,,7297,7297,,,2506,2506,6476,16230
160,2008,2008/09,Maha,KALUTARA,District,128,2130,12426,14684,128,2112,12396,14637,2524,3071,3128,3115,13502,42055
161,2008,2008/09,Maha,KANDY,District,4136,5733,4202,14071,4121,5627,3746,13495,5103,3262,3059,3768,10672,40208
162,2008,2008/09,Maha,KEGALLE,District,,2627,5552,8179,,2605,5484,8089,,3374,3886,3721,7578,28195
163,2008,2008/09,Maha,KILLINOCHCHI,District,,,,,,,,,,,,,,
164,2008,2008/09,Maha,KURUNEGALA,District,13343,34561,29387,77291,13342,34479,28991,76812,4555,4104,3463,3940,76812,302664
165,2008,2008/09,Maha,MANNAR,District,4937,416,,5352,4937,416,,5352,3707,3234,,3670,5110,18758
166,2008,2008/09,Maha,MATALE,District,6043,8661,4669,19374,5987,8504,4468,18958,4324,3548,3403,3759,17049,64090
167,2008,2008/09,Maha,MATARA,District,3964,3289,8918,16171,3907,3200,8680,15787,4097,3439,3491,3631,12464,45251
168,2008,2008/09,Maha,MONARAGALA,District,6854,7979,11696,26529,6623,5525,1470,13618,4942,4055,3377,4413,13346,58892
169,2008,2008/09,Maha,MULATIVU,District,,,,,,,,,,,,,,
170,2008,2008/09,Maha,NUWARAELIYA,District,1129,4238,208,5576,1126,4233,208,5567,4329,4098,4098,4145,3137,13002
171,2008,2008/09,Maha,POLONNARUWA,District,53569,2270,1459,57298,53472,2151,1306,56929,5280,4680,3783,5223,50359,263014
172,2008,2008/09,Maha,PUTTALAM,District,7695,9988,1998,19680,7684,9971,1886,19541,4354,3751,3624,3976,16610,66038
173,2008,2008/09,Maha,RATNAPURA,District,1983,7029,3983,12995,1979,7019,3968,12965,4772,3364,2980,3462,11021,38149
174,2008,2008/09,Maha,TRINCOMALEE,District,14493,3211,5310,23014,14493,3211,5265,22969,4729,4419,3758,4463,21338,95236
175,2008,2008/09,Maha,VAVUNIYA,District,2257,4109,343,6709,2252,4101,343,6697,4763,4637,4822,4689,6319,29627
176,2008,2008,Yala,AMPARA,District,58341,1686,140,60168,58321,1662,140,60124,4948,4242,4225,4927,57461,283081
177,2008,2008,Yala,ANURADHAPURA,District,25823,23203,107,49133,25581,22547,106,48235,4610,4154,4154,4396,38786,170500
178,2008,2008,Yala,BADULLA,District,8195,4431,121,12746,8195,4428,121,12744,4901,4070,4070,4605,10832,49877
179,2008,2008,Yala,BATTICALOA,District,16434,1112,182,17728,16409,1111,182,17702,3954,3805,3805,3943,15624,61609
180,2008,2008,Yala,COLOMBO,District,103,772,2957,3832,103,763,2942,3809,2959,2777,3282,3172,3238,10269
181,2008,2008,Yala,GALLE,District,,104,14025,14130,,83,13427,13510,,3942,3021,3027,10573,32005
182,2008,2008,Yala,GAMPAHA,District,1359,1317,4825,7501,1359,1314,4796,7470,3182,3262,3255,3243,6349,20592
183,2008,2008,Yala,HAMBANTOTA,District,19110,3996,1395,24500,19105,3960,1386,24451,5015,3925,3025,4725,21363,100947
184,2008,2008,Yala,JAFFNA,District,,,,,,,,,,,,,,
185,2008,2008,Yala,KALUTARA,District,118,1812,10438,12368,96,1661,9092,10849,3332,2976,2695,2743,10008,27454
186,2008,2008,Yala,KANDY,District,4073,3921,3636,11629,4073,3917,3626,11617,4722,3125,3799,3895,9186,35782
187,2008,2008,Yala,KEGALLE,District,,2393,5039,7431,,2390,5034,7424,,3077,3440,3323,6955,23111
188,2008,2008,Yala,KILLINOCHCHI,District,4373,40,,4413,3642,38,,3681,3094,2320,,3086,3266,10078
189,2008,2008,Yala,KURUNEGALA,District,13865,30152,24895,68912,13865,29687,24636,68188,3642,3074,2958,3148,68188,214632
190,2008,2008,Yala,MANNAR,District,920,64,,984,828,58,,886,4288,4288,,4288,846,3626
191,2008,2008,Yala,MATALE,District,5402,5122,1436,11960,5374,5077,1424,11874,4346,3513,2629,3784,10679,40409
192,2008,2008,Yala,MATARA,District,3941,3351,8683,15975,3922,3332,8658,15912,4263,3679,3553,3755,12562,47167
193,2008,2008,Yala,MONARAGALA,District,6298,5772,1647,13716,6298,5766,1548,13612,4401,4161,4161,4272,13339,56987
194,2008,2008,Yala,MULATIVU,District,2600,543,,3143,2189,445,,2634,3094,2320,,2963,2485,7362
195,2008,2008,Yala,NUWARAELIYA,District,454,1595,38,2087,445,1563,37,2045,3875,3636,3636,3688,1152,4250
196,2008,2008,Yala,POLONNARUWA,District,51953,2528,,54481,51942,2518,,54460,5000,4380,,4971,48176,239485
197,2008,2008,Yala,PUTTALAM,District,6664,7016,804,14484,6638,6759,794,14192,4136,3460,2914,3746,12063,45184
198,2008,2008,Yala,RATNAPURA,District,1951,6092,3287,11331,1919,6041,3249,11210,4596,3730,2618,3556,9529,33882
199,2008,2008,Yala,TRINCOMALEE,District,13274,2022,,15296,13232,1912,,15145,4606,3797,,4504,14069,63370
200,2008,2008,Yala,VAVUNIYA,District,1829,3136,4,4969,1646,2822,4,4472,4389,4391,4391,4390,4219,18523
201,2009,2009/10,Maha,AMPARA,District,59285,2301,8275,69861,59265,2301,8275,69840,5563,4490,4210,5368,66746,358274
202,2009,2009/10,Maha,ANURADHAPURA,District,29894,43667,7901,81463,29874,43358,7831,81063,5357,4786,4030,4924,65183,320937
203,2009,2009/10,Maha,BADULLA,District,10903,10302,5819,27023,10897,10289,5802,26988,5081,4069,3356,4324,22940,99203
204,2009,2009/10,Maha,BATTICALOA,District,21619,2465,30771,54855,21095,2463,30771,54329,4233,4104,3886,4031,47951,193274
205,2009,2009/10,Maha,COLOMBO,District,119,1010,3635,4764,119,1010,3634,4763,3466,3352,3549,3505,4048,14190
206,2009,2009/10,Maha,GALLE,District,,151,17005,17156,,151,16991,17142,,4356,3276,3286,13415,44078
207,2009,2009/10,Maha,GAMPAHA,District,1826,3116,7592,12534,1822,3097,7545,12464,3506,3455,3436,3451,10595,36560
208,2009,2009/10,Maha,HAMBANTOTA,District,19724,4774,1600,26098,19641,4772,1599,26012,5465,4401,4052,5183,22726,117793
209,2009,2009/10,Maha,JAFFNA,District,,,8948,8948,,,8703,8703,,,2605,2605,7723,20117
210,2009,2009/10,Maha,KALUTARA,District,133,2206,13030,15369,133,2194,12963,15289,3425,3373,3178,3208,14105,45245
211,2009,2009/10,Maha,KANDY,District,4138,5754,3945,13837,4138,5751,3936,13826,4314,3109,3112,3470,10934,37943
212,2009,2009/10,Maha,KEGALLE,District,,2706,5631,8337,,2704,5628,8331,,3804,3785,3791,7805,29589
213,2009,2009/10,Maha,KILLINOCHCHI,District,,,,,,,,,,,,,,
214,2009,2009/10,Maha,KURUNEGALA,District,11735,28540,28483,68758,11735,28190,28098,68023,4838,4026,3704,4033,68023,274343
215,2009,2009/10,Maha,MANNAR,District,7412,681,,8093,7412,681,,8093,5403,5403,,5403,7727,41755
216,2009,2009/10,Maha,MATALE,District,6375,9025,4848,20248,6294,8962,4832,20088,5034,4046,4619,4494,18065,81175
217,2009,2009/10,Maha,MATARA,District,3703,3303,8902,15908,3653,3298,8861,15811,3993,3604,3510,3641,12483,45455
218,2009,2009/10,Maha,MONARAGALA,District,9659,8406,9294,27360,9659,8406,9294,27360,5218,4159,3807,4413,26812,118331
219,2009,2009/10,Maha,MULATIVU,District,883,1298,,2180,846,1298,,2144,5316,5316,,5316,2023,10753
220,2009,2009/10,Maha,NUWARAELIYA,District,1119,4265,202,5586,1119,4263,202,5583,4217,4113,4113,4134,3146,13007
221,2009,2009/10,Maha,POLONNARUWA,District,55804,2883,1626,60312,55800,2876,1625,60301,5414,4681,3820,5336,53342,284628
222,2009,2009/10,Maha,PUTTALAM,District,3984,8380,2051,14415,3945,8299,1991,14236,4456,3866,3462,3973,12100,48075
223,2009,2009/10,Maha,RATNAPURA,District,2102,7171,4213,13485,2102,7171,4213,13485,4559,3124,3030,3318,11463,38034
224,2009,2009/10,Maha,TRINCOMALEE,District,15253,4759,6524,26535,15238,4759,6524,26521,4595,4340,3712,4332,24638,106727
225,2009,2009/10,Maha,VAVUNIYA,District,1634,2868,328,4830,1633,2868,328,4830,5275,5362,5873,5367,4557,24457
226,2009,2009,Yala,AMPARA,District,44981,1075,171,46227,44082,1053,168,45303,4994,3895,3895,4964,43296,214941
227,2009,2009,Yala,ANURADHAPURA,District,12040,6122,65,18226,11881,5837,63,17781,4431,4415,4415,4426,14297,63275
228,2009,2009,Yala,BADULLA,District,4419,3693,56,8168,4419,3498,56,7973,5352,3829,3829,4673,6777,31671
229,2009,2009,Yala,BATTICALOA,District,13309,2255,1510,17073,12376,2134,1510,16020,4262,4555,3071,4189,14140,59227
230,2009,2009,Yala,COLOMBO,District,87,787,2741,3615,87,782,2734,3603,2957,2957,3018,3004,3063,9200
231,2009,2009,Yala,GALLE,District,,65,13054,13120,,63,13020,13084,,3013,2997,2997,10239,30684
232,2009,2009,Yala,GAMPAHA,District,1665,2061,4380,8106,1665,2061,4369,8095,3680,3439,3257,3390,6881,23329
233,2009,2009,Yala,HAMBANTOTA,District,17768,3010,1127,21905,17734,3002,1117,21853,5264,4226,3227,5017,19093,95799
234,2009,2009,Yala,JAFFNA,District,,,,,,,,,,,,,,
235,2009,2009,Yala,KALUTARA,District,126,2034,10712,12872,126,2027,10709,12863,3033,2513,2969,2898,11866,34387
236,2009,2009,Yala,KANDY,District,3713,3326,2223,9262,3714,3279,2192,9185,4160,3158,3082,3545,7263,25747
237,2009,2009,Yala,KEGALLE,District,,2447,5171,7617,,2446,5164,7610,,3449,3338,3374,7129,24051
238,2009,2009,Yala,KILLINOCHCHI,District,,,,,,,,,,,,,,
239,2009,2009,Yala,KURUNEGALA,District,7411,20370,21134,48916,7005,19259,20253,46516,4477,3467,3270,3534,46516,164376
240,2009,2009,Yala,MANNAR,District,,,,,,,,,,,,,,
241,2009,2009,Yala,MATALE,District,2562,3316,528,6406,2533,3132,499,6163,4117,3386,2842,3642,5543,20188
242,2009,2009,Yala,MATARA,District,3785,3233,8705,15722,3616,3231,8691,15538,4167,3624,3405,3628,12268,44501
243,2009,2009,Yala,MONARAGALA,District,4369,3718,253,8341,4101,3138,86,7325,3937,3274,3274,3645,7179,26167
244,2009,2009,Yala,MULATIVU,District,,,,,,,,,,,,,,
245,2009,2009,Yala,NUWARAELIYA,District,656,2176,52,2884,653,2154,51,2858,3070,2867,2867,2913,1611,4692
246,2009,2009,Yala,POLONNARUWA,District,35089,1774,,36862,34859,1724,,36583,4750,4473,,4737,32362,153302
247,2009,2009,Yala,PUTTALAM,District,6838,7221,1199,15258,6661,7018,1152,14831,4037,3382,3086,3653,12606,46053
248,2009,2009,Yala,RATNAPURA,District,1977,6466,3535,11978,1975,6401,3464,11840,5118,3099,2555,3277,10064,32980
249,2009,2009,Yala,TRINCOMALEE,District,12574,1376,0,13950,12572,1376,0,13947,4864,4726,4726,4851,12957,62850
250,2009,2009,Yala,VAVUNIYA,District,42,211,,253,30,179,,209,4430,3924,,3998,197,789
251,2010,2010/11,Maha,AMPARA,District,59170,2514,9136,70819,33549,1243,4890,39682,3516,2386,2321,3333,37924,126409
252,2010,2010/11,Maha,ANURADHAPURA,District,54339,48752,10022,113113,51813,45176,8599,105587,4998,4071,3281,4463,84903,378939
253,2010,2010/11,Maha,BADULLA,District,11075,10742,5915,27733,10651,10758,5766,27175,3636,3407,2594,3324,23099,76787
254,2010,2010/11,Maha,BATTICALOA,District,22439,2415,34665,59520,7049,45,7330,14424,2345,2485,2450,2399,12731,30539
255,2010,2010/11,Maha,COLOMBO,District,102,972,3577,4651,100,967,3558,4625,3070,2684,2702,2706,3931,10639
256,2010,2010/11,Maha,GALLE,District,88,142,16466,16697,88,142,16442,16673,3888,3888,2955,2968,13048,38731
257,2010,2010/11,Maha,GAMPAHA,District,1928,3298,7814,13041,1924,3295,7812,13032,3401,3221,2910,3061,11077,33905
258,2010,2010/11,Maha,HAMBANTOTA,District,29686,4789,1609,36084,29487,4449,1524,35460,6120,4175,3818,5779,30982,179043
259,2010,2010/11,Maha,JAFFNA,District,,,9221,9221,,,8636,8636,,,2659,2659,7664,20381
260,2010,2010/11,Maha,KALUTARA,District,130,2167,12727,15024,130,2151,12723,15005,3098,3020,2898,2917,13842,40382
261,2010,2010/11,Maha,KANDY,District,4164,5738,3926,13828,4155,5508,3193,12856,3699,3106,2394,3121,10167,31730
262,2010,2010/11,Maha,KEGALLE,District,,2689,5523,8212,,2688,5511,8199,,3622,2686,2993,7681,22985
263,2010,2010/11,Maha,KILLINOCHCHI,District,11670,597,7957,20224,6232,510,5462,12204,3106,2992,2553,2854,10830,30907
264,2010,2010/11,Maha,KURUNEGALA,District,15652,35592,30020,81263,15474,35137,29596,80206,3581,3324,3177,3319,80206,266234
265,2010,2010/11,Maha,MANNAR,District,9882,1766,45,11693,9289,1660,43,10992,4157,3158,2788,4001,10495,41990
266,2010,2010/11,Maha,MATALE,District,6360,8664,4790,19814,6321,8488,4756,19565,4204,3216,3477,3599,17595,63319
267,2010,2010/11,Maha,MATARA,District,3725,3301,8899,15925,3203,3160,8152,14515,3737,3417,3393,3474,11460,39811
268,2010,2010/11,Maha,MONARAGALA,District,9589,9269,11729,30587,9580,9236,11729,30544,5379,3946,3111,4077,29934,122027
269,2010,2010/11,Maha,MULATIVU,District,3681,4112,2960,10753,2157,2855,1765,6778,2472,2450,2444,2456,6395,15703
270,2010,2010/11,Maha,NUWARAELIYA,District,1100,4287,197,5584,1100,4276,196,5572,4094,3786,3786,3847,3140,12077
271,2010,2010/11,Maha,POLONNARUWA,District,60379,2819,2198,65396,55404,2600,2142,60145,3892,3704,2399,3831,53204,203822
272,2010,2010/11,Maha,PUTTALAM,District,7489,10493,2271,20253,7004,10198,2171,19373,3951,3495,3331,3641,16467,59959
273,2010,2010/11,Maha,RATNAPURA,District,5014,7379,4202,16595,5014,7256,4191,16461,5231,2753,2795,3519,13992,49242
274,2010,2010/11,Maha,TRINCOMALEE,District,17484,5615,7231,30331,14109,4615,4467,23191,2444,2364,2235,2388,21544,51451
275,2010,2010/11,Maha,VAVUNIYA,District,3632,9445,612,13689,3144,8876,571,12591,4359,4095,3616,4139,11880,49171
276,2010,2010,Yala,AMPARA,District,57516,1656,83,59255,57457,1656,83,59196,4903,3996,4408,4877,56574,275913
277,2010,2010,Yala,ANURADHAPURA,District,14204,8590,92,22887,14199,8516,92,22808,5140,4477,3766,4887,18340,89625
278,2010,2010,Yala,BADULLA,District,8019,4571,75,12665,8019,4571,75,12665,5016,3558,3279,4480,10765,48224
279,2010,2010,Yala,BATTICALOA,District,17999,2580,322,20901,17992,2580,322,20894,4051,3725,3869,4008,18441,73906
280,2010,2010,Yala,COLOMBO,District,79,510,2067,2656,79,510,2067,2656,3523,3769,3059,3209,2258,7244
281,2010,2010,Yala,GALLE,District,85,55,11593,11732,85,54,11546,11685,3509,3398,2937,2943,9144,26912
282,2010,2010,Yala,GAMPAHA,District,1636,2196,3996,7828,1634,2187,3989,7810,3994,3529,3648,3687,6638,24475
283,2010,2010,Yala,HAMBANTOTA,District,19460,3539,1256,24255,19460,3529,1255,24244,5338,4373,3730,5114,21182,108332
284,2010,2010,Yala,JAFFNA,District,,,,,,,,,,,,,,
285,2010,2010,Yala,KALUTARA,District,133,1879,10014,12025,131,1874,9930,11935,2248,2842,2657,2682,11010,29527
286,2010,2010,Yala,KANDY,District,3725,3419,2978,10121,3725,3409,2969,10103,4187,3166,3250,3567,7989,28502
287,2010,2010,Yala,KEGALLE,District,,2322,4894,7216,,2321,4889,7209,,2923,2810,2846,6754,19222
288,2010,2010,Yala,KILLINOCHCHI,District,1445,23,,1468,1445,23,,1468,2581,2465,,2579,1303,3360
289,2010,2010,Yala,KURUNEGALA,District,9160,23836,23685,56682,9160,23664,23562,56386,4305,4083,3782,3993,56386,225159
290,2010,2010,Yala,MANNAR,District,600,,,600,600,,,600,3909,,,3909,573,2240
291,2010,2010,Yala,MATALE,District,5227,4815,677,10719,5227,4815,676,10718,4993,3690,3163,4292,9639,41370
292,2010,2010,Yala,MATARA,District,3700,3278,8596,15574,3683,3237,8547,15467,3823,3263,3297,3415,12211,41703
293,2010,2010,Yala,MONARAGALA,District,6797,6067,1152,14016,6795,6009,1079,13884,5093,3537,2392,4210,13606,57277
294,2010,2010,Yala,MULATIVU,District,1072,111,,1183,1050,100,,1150,3888,3764,,3877,1085,4207
295,2010,2010,Yala,NUWARAELIYA,District,673,2292,65,3030,673,2223,64,2960,4474,4456,2604,4420,1668,7373
296,2010,2010,Yala,POLONNARUWA,District,55906,2395,,58301,55906,2395,,58300,5121,4474,,5095,51572,262738
297,2010,2010,Yala,PUTTALAM,District,4270,4962,1344,10576,3962,4395,1079,9436,3700,3396,3773,3567,8021,28608
298,2010,2010,Yala,RATNAPURA,District,2148,6299,3017,11463,2147,6290,3011,11449,4795,3149,2475,3280,9731,31922
299,2010,2010,Yala,TRINCOMALEE,District,12030,1086,,13116,12013,1046,,13059,4869,4670,,4853,12132,58879
300,2010,2010,Yala,VAVUNIYA,District,502,332,,834,502,325,,827,5014,4277,,4724,780,3685
301,2011,2011/12,Maha,AMPARA,District,59562,2938,9377,71877,59562,2938,9377,71877,5284,4366,3596,5026,68693,345264
302,2011,2011/12,Maha,ANURADHAPURA,District,31168,48277,9808,89253,31168,48260,9437,88865,5194,5044,3970,4982,71456,356020
303,2011,2011/12,Maha,BADULLA,District,11043,10658,5851,27552,11043,10383,5794,27221,5042,4337,3823,4514,23138,104433
304,2011,2011/12,Maha,BATTICALOA,District,22300,2403,34767,59470,22300,2288,27527,52115,4130,3853,3402,3733,45996,171715
305,2011,2011/12,Maha,COLOMBO,District,105,2114,2398,4617,105,2114,2397,4616,3564,3504,3450,3477,3924,13644
306,2011,2011/12,Maha,GALLE,District,88,109,15771,15968,88,109,15720,15917,3891,3766,3426,3431,12457,42740
307,2011,2011/12,Maha,GAMPAHA,District,1530,2513,6290,10333,1530,2513,6290,10333,3565,3479,3416,3453,8783,30332
308,2011,2011/12,Maha,HAMBANTOTA,District,20546,4652,1561,26759,19917,4627,1557,26102,5450,4546,3921,5198,22805,118551
309,2011,2011/12,Maha,JAFFNA,District,,,8755,8755,,,8668,8668,,,2680,2680,7692,20611
310,2011,2011/12,Maha,KALUTARA,District,115,2094,11942,14151,114,2094,11866,14074,3518,3452,3350,3367,12983,43713
311,2011,2011/12,Maha,KANDY,District,4158,5522,3619,13299,4158,5494,3044,12697,5042,3864,3530,4169,10040,41863
312,2011,2011/12,Maha,KEGALLE,District,,2415,4688,7103,,2395,4657,7052,,3772,3555,3629,6606,23970
313,2011,2011/12,Maha,KILLINOCHCHI,District,10207,179,10490,20876,10176,178,10124,20478,3313,3136,2803,3059,18172,55591
314,2011,2011/12,Maha,KURUNEGALA,District,11019,25654,25948,62621,10992,24090,21636,56718,4957,3805,3557,3934,56718,223110
315,2011,2011/12,Maha,MANNAR,District,11730,1667,19,13416,11730,1667,19,13416,5012,3312,2830,4798,12810,61459
316,2011,2011/12,Maha,MATALE,District,6234,8308,4635,19177,6234,8290,4561,19086,4947,4117,4101,4384,17164,75244
317,2011,2011/12,Maha,MATARA,District,3621,3156,8419,15196,3620,3153,8404,15177,4028,3615,3505,3653,11982,43767
318,2011,2011/12,Maha,MONARAGALA,District,7728,9299,14958,31985,7728,9299,14958,31986,5210,4117,3855,4258,31346,133486
319,2011,2011/12,Maha,MULATIVU,District,5546,2580,1601,9727,5546,2580,1593,9720,3082,2904,2835,2994,9171,27460
320,2011,2011/12,Maha,NUWARAELIYA,District,1073,4212,197,5482,1073,4206,196,5475,4227,3967,3539,4002,3085,12348
321,2011,2011/12,Maha,POLONNARUWA,District,59426,2862,2224,64512,59401,2862,2224,64487,5150,4624,3960,5086,57045,290130
322,2011,2011/12,Maha,PUTTALAM,District,4688,6996,1497,13181,4565,6366,1158,12089,4548,3843,3605,4087,10275,41991
323,2011,2011/12,Maha,RATNAPURA,District,2027,7025,3896,12948,2027,7014,3891,12933,4544,3165,3117,3367,10993,37011
324,2011,2011/12,Maha,TRINCOMALEE,District,17198,5622,7341,30161,17198,5622,7341,30160,4822,4630,3582,4484,28019,125644
325,2011,2011/12,Maha,VAVUNIYA,District,3719,10824,1451,15994,3716,10664,1332,15713,4461,3912,3091,3972,14825,58888
326,2011,2011,Yala,AMPARA,District,59303,1709,892,61904,59303,1709,892,61904,4919,3677,3360,4863,59161,287675
327,2011,2011,Yala,ANURADHAPURA,District,27980,26433,58,54471,27956,25929,58,53943,5064,4475,,4775,43375,207127
328,2011,2011,Yala,BADULLA,District,8414,4738,27,13179,8414,4708,27,13149,4972,3373,2785,4395,11177,49123
329,2011,2011,Yala,BATTICALOA,District,19516,1560,623,21699,19516,1560,623,21699,4132,3197,2940,4031,19152,77196
330,2011,2011,Yala,COLOMBO,District,81,440,1857,2378,80,434,1829,2343,3441,3364,2893,2999,1991,5970
331,2011,2011,Yala,GALLE,District,70,24,10466,10560,70,24,10451,10545,3533,3122,2919,2924,8253,24130
332,2011,2011,Yala,GAMPAHA,District,1477,1455,2529,5461,1471,1453,2525,5449,3802,3488,3148,3415,4632,15820
333,2011,2011,Yala,HAMBANTOTA,District,19796,4176,1367,25339,19753,4144,1363,25260,5345,4090,3633,5047,22070,111387
334,2011,2011,Yala,JAFFNA,District,,,,,,,,,,,,,,
335,2011,2011,Yala,KALUTARA,District,113,1808,9578,11499,113,1781,9500,11394,2596,2451,2424,2430,10510,25538
336,2011,2011,Yala,KANDY,District,3714,3122,2291,9127,3639,3059,2245,8943,4411,3492,2977,3737,6999,26154
337,2011,2011,Yala,KEGALLE,District,,2230,4794,7024,,2216,4787,7003,,2956,2663,2756,6560,18077
338,2011,2011,Yala,KILLINOCHCHI,District,6295,223,,6518,6278,223,,6501,2622,2434,,2616,5769,15090
339,2011,2011,Yala,KURUNEGALA,District,12108,31732,24779,68619,12084,31500,23874,67458,4280,3860,3358,3758,67458,253478
340,2011,2011,Yala,MANNAR,District,1767,51,,1818,1749,50,,1799,3873,2740,,3842,1718,6601
341,2011,2011,Yala,MATALE,District,5055,4943,720,10718,4984,4908,715,10607,4839,3689,3286,4202,8374,35191
342,2011,2011,Yala,MATARA,District,3574,3210,8617,15401,3574,3206,8592,15372,3831,3275,3086,3299,12137,40036
343,2011,2011,Yala,MONARAGALA,District,6714,7187,1863,15764,6710,7041,1805,15556,4944,3719,2647,4123,15245,62853
344,2011,2011,Yala,MULATIVU,District,2656,777,,3433,2603,768,,3371,3720,3498,,3669,3180,11668
345,2011,2011,Yala,NUWARAELIYA,District,666,2215,65,2946,662,2195,64,2921,4302,4209,3190,4208,1645,6923
346,2011,2011,Yala,POLONNARUWA,District,58810,2856,,61666,58810,2795,,61605,5075,4028,,5028,54496,273981
347,2011,2011,Yala,PUTTALAM,District,7718,8624,1179,17521,7621,8432,1141,17194,4133,3337,3242,3684,14614,53833
348,2011,2011,Yala,RATNAPURA,District,2086,6646,3002,11734,2086,6218,2997,11301,4807,3198,2518,3315,9606,31841
349,2011,2011,Yala,TRINCOMALEE,District,16504,2010,,18514,16246,2010,,18256,4807,3931,,4710,16960,79890
350,2011,2011,Yala,VAVUNIYA,District,1418,2845,9,4272,1418,2845,9,4272,4752,3854,3305,4151,4043,16781
351,2012,2012/13,Maha,AMPARA,District,63130,4027,15765,82921,62321,3802,14334,80456,4413,3307,2861,4084,76892,314015
352,2012,2012/13,Maha,ANURADHAPURA,District,32134,53518,14946,100598,30327,50763,14202,95292,4878,4339,4051,4467,76624,342315
353,2012,2012/13,Maha,BADULLA,District,11249,12114,5899,29262,11249,12109,5897,29255,5104,4669,4833,4869,24867,121086
354,2012,2012/13,Maha,BATTICALOA,District,22218,3236,40822,66276,21401,3110,38236,62747,2224,2065,2013,2088,55380,115630
355,2012,2012/13,Maha,COLOMBO,District,87,973,3002,4062,87,973,3002,4062,3508,3692,3568,3597,3453,12418
356,2012,2012/13,Maha,GALLE,District,102,723,13317,14141,102,723,13200,14024,3867,3940,3528,3552,10975,38984
357,2012,2012/13,Maha,GAMPAHA,District,1758,3388,6030,11176,1758,3380,6015,11153,3959,3955,3573,3750,9480,35547
358,2012,2012/13,Maha,HAMBANTOTA,District,21216,6082,1648,28946,21093,6071,1638,28802,6958,5950,3956,6575,25164,165450
359,2012,2012/13,Maha,JAFFNA,District,,,10219,10219,,,10031,10031,,,2388,2388,8902,21260
360,2012,2012/13,Maha,KALUTARA,District,93,2321,11224,13638,93,2310,11179,13582,3250,3249,3073,3105,12529,38898
361,2012,2012/13,Maha,KANDY,District,4089,5462,2441,11992,4089,5426,2430,11944,4845,3709,3295,4013,9446,37909
362,2012,2012/13,Maha,KEGALLE,District,,1763,3330,5093,,1760,3328,5089,,4333,3696,3916,4767,18669
363,2012,2012/13,Maha,KILLINOCHCHI,District,10862,443,11423,22728,5370,229,5808,11407,3715,3829,4704,4221,10123,42725
364,2012,2012/13,Maha,KURUNEGALA,District,15040,38575,27965,81580,14825,38251,27774,80851,5388,4821,4476,4806,80851,388598
365,2012,2012/13,Maha,MANNAR,District,12984,2610,70,15663,12263,2494,67,14824,5663,4818,3094,5509,14154,77975
366,2012,2012/13,Maha,MATALE,District,6948,9036,5184,21168,6908,8940,5160,21008,5179,4296,3556,4404,18892,83208
367,2012,2012/13,Maha,MATARA,District,3953,3521,7871,15344,3705,3277,7630,14613,4416,3795,3810,3960,11537,45691
368,2012,2012/13,Maha,MONARAGALA,District,9277,10385,17100,36762,9275,10368,17087,36730,5035,4383,3786,4270,35996,153684
369,2012,2012/13,Maha,MULATIVU,District,5919,3338,4830,14087,4038,2673,3014,9726,2836,3395,1853,2685,9176,24639
370,2012,2012/13,Maha,NUWARAELIYA,District,1015,4373,29,5418,1015,4373,29,5418,2952,5840,2727,5282,3053,16125
371,2012,2012/13,Maha,POLONNARUWA,District,55999,8122,2252,66372,54644,7160,2252,64055,5012,4066,4527,4889,56663,277045
372,2012,2012/13,Maha,PUTTALAM,District,7889,10541,1925,20354,7085,9915,1830,18830,5382,4123,4142,4599,16005,73606
373,2012,2012/13,Maha,RATNAPURA,District,2210,7062,3314,12586,2210,7058,3306,12574,4977,3676,3148,3766,10688,40249
374,2012,2012/13,Maha,TRINCOMALEE,District,18165,8015,8831,35011,16434,7464,7208,31107,3887,2172,3665,3424,28898,98955
375,2012,2012/13,Maha,VAVUNIYA,District,4150,11801,2079,18030,4102,11644,2058,17803,3942,3690,3462,3722,16797,62512
376,2012,2012,Yala,AMPARA,District,58474,1807,583,60864,57503,1671,575,59749,4772,3625,3617,4729,57103,270027
377,2012,2012,Yala,ANURADHAPURA,District,16506,10062,,26568,14304,7796,,22100,4241,3696,,4049,17771,71951
378,2012,2012,Yala,BADULLA,District,7744,3898,34,11676,7672,3784,34,11490,4534,3563,2585,4208,9766,41101
379,2012,2012,Yala,BATTICALOA,District,19123,2444,2320,23887,19123,2444,2320,23887,4031,3735,3665,3965,21083,83599
380,2012,2012,Yala,COLOMBO,District,56,187,667,910,56,187,663,906,3196,3195,2931,3002,771,2314
381,2012,2012,Yala,GALLE,District,4,6,4202,4212,4,6,4167,4177,3075,3075,3075,3075,3269,10051
382,2012,2012,Yala,GAMPAHA,District,1184,1056,1331,3571,1182,1051,1325,3558,3744,3148,2912,3258,3024,9854
383,2012,2012,Yala,HAMBANTOTA,District,16691,3726,986,21403,16608,3255,662,20525,5208,3905,2642,4919,17933,88203
384,2012,2012,Yala,JAFFNA,District,,,,,,,,,,,,,,
385,2012,2012,Yala,KALUTARA,District,72,1053,6107,7232,72,1053,6091,7216,2693,2585,2362,2398,6656,15960
386,2012,2012,Yala,KANDY,District,3053,2008,497,5558,3053,1876,460,5389,3942,3460,2389,3642,4217,15358
387,2012,2012,Yala,KEGALLE,District,,1002,1880,2882,,819,1456,2275,,2864,2652,2728,2131,5814
388,2012,2012,Yala,KILLINOCHCHI,District,5756,15,,5771,4797,11,,4808,4033,3609,,4032,4537,18293
389,2012,2012,Yala,KURUNEGALA,District,8914,17416,15187,41517,4776,6360,4017,15153,4252,3119,2880,3413,15153,51712
390,2012,2012,Yala,MANNAR,District,2195,6,,2201,1850,,,1850,3759,3638,,3759,1642,6171
391,2012,2012,Yala,MATALE,District,2100,2936,602,5638,2001,2681,478,5160,4442,3200,3246,3686,4075,15018
392,2012,2012,Yala,MATARA,District,3015,2730,6731,12476,3010,2728,6296,12034,3602,2845,2875,3050,9501,28977
393,2012,2012,Yala,MONARAGALA,District,6790,5653,1025,13468,6598,4520,590,11708,4781,2919,2677,3956,11474,45392
394,2012,2012,Yala,MULATIVU,District,2088,500,,2588,2082,500,,2582,3638,3391,,3590,2443,8772
395,2012,2012,Yala,NUWARAELIYA,District,159,968,17,1144,159,964,16,1139,3569,3014,2699,3087,641,1980
396,2012,2012,Yala,POLONNARUWA,District,50893,2559,,53452,43396,2118,,45514,4252,3119,,4199,40262,169071
397,2012,2012,Yala,PUTTALAM,District,3496,2400,445,6341,3145,1138,183,4466,3881,2897,2707,3582,3797,13600
398,2012,2012,Yala,RATNAPURA,District,2046,5378,2319,9743,1982,5102,2038,9122,4499,3307,2776,3447,7753,26729
399,2012,2012,Yala,TRINCOMALEE,District,14695,1412,,16107,14573,1373,,15946,4473,4260,,4455,14813,65988
400,2012,2012,Yala,VAVUNIYA,District,739,417,,1156,444,300,,744,3964,3527,,3788,711,2692
401,2013,2013/14,Maha,AMPARA,District,62665,3881,15394,81940,62435,3577,12969,78981,5280,4045,3215,4885,75482,368748
402,2013,2013/14,Maha,ANURADHAPURA,District,22210,19990,10589,52789,21370,13625,4653,39648,4223,3873,2477,3898,31881,124275
403,2013,2013/14,Maha,BADULLA,District,11119,10935,5583,27637,11117,10689,2936,24742,5816,4106,4084,4872,21031,102456
404,2013,2013/14,Maha,BATTICALOA,District,20911,3127,38166,62204,20911,3127,38166,62204,3581,2021,2801,3024,54901,166010
405,2013,2013/14,Maha,COLOMBO,District,66,899,2800,3765,65,896,2765,3726,2641,3874,3468,3551,3167,11248
406,2013,2013/14,Maha,GALLE,District,98,656,11949,12703,98,656,11856,12610,3838,3576,3656,3653,9869,36054
407,2013,2013/14,Maha,GAMPAHA,District,1665,3501,5480,10646,1665,3500,5471,10636,2753,3075,3392,3188,9041,28817
408,2013,2013/14,Maha,HAMBANTOTA,District,20021,5423,1438,26882,20014,5262,1403,26679,5806,5053,4571,5592,23309,130352
409,2013,2013/14,Maha,JAFFNA,District,,,10180,10180,,,2624,2624,,,1547,1547,2329,3602
410,2013,2013/14,Maha,KALUTARA,District,96,2162,10486,12744,96,2158,10437,12691,2808,2636,2973,2915,11707,34125
411,2013,2013/14,Maha,KANDY,District,4111,5393,2522,12026,4107,5244,2472,11823,5056,3732,3709,4187,9350,39150
412,2013,2013/14,Maha,KEGALLE,District,,2099,3989,6088,,2066,3880,5946,,3568,3225,3344,5570,18629
413,2013,2013/14,Maha,KILLINOCHCHI,District,10728,480,11689,22897,9789,162,3447,13398,4272,3064,4118,4218,11889,50149
414,2013,2013/14,Maha,KURUNEGALA,District,11973,24623,24542,61138,11851,22725,20904,55480,4518,4188,3665,4062,55480,225332
415,2013,2013/14,Maha,MANNAR,District,3874,1412,27,5313,3672,1294,23,4989,5208,5429,2810,5254,4763,25027
416,2013,2013/14,Maha,MATALE,District,6771,7765,4042,18578,6538,7174,3377,17089,4003,4268,3201,3956,15368,60792
417,2013,2013/14,Maha,MATARA,District,3581,3235,7074,13890,3570,3222,7055,13847,3966,4044,3765,3882,10932,42438
418,2013,2013/14,Maha,MONARAGALA,District,7592,10051,17171,34814,7534,8942,7161,23637,5078,4082,2660,3969,23164,91936
419,2013,2013/14,Maha,MULATIVU,District,5345,3286,4166,12797,4079,1690,617,6386,2724,2434,1853,2563,6025,15443
420,2013,2013/14,Maha,NUWARAELIYA,District,914,4091,26,5031,914,4085,26,5025,4228,4444,4084,4403,2832,12468
421,2013,2013/14,Maha,POLONNARUWA,District,54824,5968,1408,62200,54805,5554,987,61346,4795,5228,3861,4819,54267,261525
422,2013,2013/14,Maha,PUTTALAM,District,4673,7942,1329,13944,4592,7073,923,12588,4298,3957,3832,4072,10700,43571
423,2013,2013/14,Maha,RATNAPURA,District,2082,6757,3064,11903,2082,6742,3051,11875,4397,4318,3231,4053,10094,40905
424,2013,2013/14,Maha,TRINCOMALEE,District,13584,5146,7403,26133,13308,3632,4817,21757,4885,4607,4846,4830,20212,97630
425,2013,2013/14,Maha,VAVUNIYA,District,1401,5965,1011,8377,951,4190,331,5472,3944,3348,2626,3408,5163,17595
426,2013,2013,Yala,AMPARA,District,61696,2529,178,64403,61657,2517,178,64352,4842,4696,3609,4833,61502,297229
427,2013,2013,Yala,ANURADHAPURA,District,23682,23103,104,46888,23674,23073,104,46850,4607,3961,2578,4284,37672,161406
428,2013,2013,Yala,BADULLA,District,8723,4724,37,13485,8723,4724,37,13485,5064,3302,3510,4443,11462,50922
429,2013,2013,Yala,BATTICALOA,District,21878,3719,1960,27556,21878,3719,1960,27556,4570,4564,5045,4603,24321,111943
430,2013,2013,Yala,COLOMBO,District,37,295,924,1257,37,295,915,1247,3145,2755,2422,2522,1060,2673
431,2013,2013,Yala,GALLE,District,24,203,3830,4057,24,203,3823,4050,3919,2657,2663,2670,3169,8461
432,2013,2013,Yala,GAMPAHA,District,1436,1466,1911,4813,1389,1420,1904,4713,3615,2736,2585,2934,4006,11753
433,2013,2013,Yala,HAMBANTOTA,District,20108,4833,955,25896,20062,4833,955,25850,5166,4550,3425,4987,22585,112623
434,2013,2013,Yala,JAFFNA,District,,,,,,,,,,,,,,
435,2013,2013,Yala,KALUTARA,District,64,1243,5599,6906,64,1243,5598,6906,2475,2639,2518,2539,6370,16175
436,2013,2013,Yala,KANDY,District,3749,2854,1856,8459,3749,2843,1846,8439,4922,2814,2543,3691,6673,24633
437,2013,2013,Yala,KEGALLE,District,,1562,3162,4725,,1543,3118,4661,,2926,2712,2783,4367,12150
438,2013,2013,Yala,KILLINOCHCHI,District,5795,30,,5825,5795,30,,5825,5641,3609,,5630,5169,29102
439,2013,2013,Yala,KURUNEGALA,District,11660,23105,17696,52461,11657,22989,17653,52300,4280,3679,3104,3619,52300,189281
440,2013,2013,Yala,MANNAR,District,861,1388,,2248,861,1388,,2248,5357,5904,,5694,2147,12225
441,2013,2013,Yala,MATALE,District,5000,3794,524,9318,4999,3780,514,9292,5197,4092,2828,4617,8356,38580
442,2013,2013,Yala,MATARA,District,3074,2614,5643,11331,3074,2610,5610,11294,4170,3242,3203,3475,8916,30986
443,2013,2013,Yala,MONARAGALA,District,8223,6037,1085,15346,8223,6013,1083,15319,4146,3255,2719,3696,15013,55482
444,2013,2013,Yala,MULATIVU,District,2946,950,,3896,2946,950,,3896,5290,5033,,5227,3676,19215
445,2013,2013,Yala,NUWARAELIYA,District,385,1439,8,1832,385,1439,8,1832,3973,2990,2681,3196,1033,3300
446,2013,2013,Yala,POLONNARUWA,District,55296,7207,,62503,55296,7207,,62503,4788,4245,,4725,55290,261263
447,2013,2013,Yala,PUTTALAM,District,5986,5021,526,11533,5796,4851,506,11154,4266,3468,2881,3856,9481,36558
448,2013,2013,Yala,RATNAPURA,District,2186,4856,1422,8465,2185,4853,1419,8457,5568,3522,2867,3941,7188,28329
449,2013,2013,Yala,TRINCOMALEE,District,18041,4861,110,23012,18041,4861,110,23012,4774,4748,2578,4758,21379,101718
450,2013,2013,Yala,VAVUNIYA,District,2195,3067,7,5270,2195,3067,7,5270,4962,4712,2578,4813,4972,23930
451,2014,2014/15,Maha,AMPARA,District,63072,3983,16078,83133,60146,3821,14965,78932,4420,3292,2906,4078,75435,307661
452,2014,2014/15,Maha,ANURADHAPURA,District,31747,53288,14779,99814,28576,49148,13943,91667,5095,4844,4049,4802,73710,353924
453,2014,2014/15,Maha,BADULLA,District,10984,10183,5890,27057,10980,10179,5887,27046,5183,4298,4776,4761,22989,109463
454,2014,2014/15,Maha,BATTICALOA,District,19898,3324,37792,61014,15172,2850,32844,50866,2686,2642,2689,2686,44895,120570
455,2014,2014/15,Maha,COLOMBO,District,43,715,2726,3484,43,714,2725,3482,2904,3449,3435,3431,2960,10156
456,2014,2014/15,Maha,GALLE,District,85,603,12442,13130,85,603,12411,13099,3922,3438,3751,3738,10252,38317
457,2014,2014/15,Maha,GAMPAHA,District,1667,3505,5982,11154,1577,3479,5918,10974,3963,3725,3419,3594,9329,33529
458,2014,2014/15,Maha,HAMBANTOTA,District,19836,5783,1556,27175,19679,5764,1552,26995,6507,5517,3698,6134,23586,144681
459,2014,2014/15,Maha,JAFFNA,District,,,10038,10038,,,9829,9829,,,3096,3096,8722,27000
460,2014,2014/15,Maha,KALUTARA,District,118,2165,10737,13020,118,2165,10709,12992,3516,3756,3622,3644,11984,43668
461,2014,2014/15,Maha,KANDY,District,4123,5445,2567,12135,4119,5430,2516,12065,4937,3885,3689,4203,9540,40102
462,2014,2014/15,Maha,KEGALLE,District,,2178,4062,6240,,2160,4022,6182,,3733,3923,3857,5791,22335
463,2014,2014/15,Maha,KILLINOCHCHI,District,10778,490,12407,23675,9922,488,10762,21172,3779,3142,3632,3689,18788,69319
464,2014,2014/15,Maha,KURUNEGALA,District,16282,36247,26846,79375,15702,35065,26341,77108,4255,3458,3425,3609,77108,278269
465,2014,2014/15,Maha,MANNAR,District,14203,3065,53,17321,13862,3007,50,16919,5540,5283,3596,5489,16154,88661
466,2014,2014/15,Maha,MATALE,District,6848,8689,4828,20365,6679,8573,4748,20000,5105,4227,4570,4602,17986,82768
467,2014,2014/15,Maha,MATARA,District,3784,3280,7383,14447,3688,3275,7341,14304,4590,4319,4080,4266,11294,48184
468,2014,2014/15,Maha,MONARAGALA,District,7790,10351,17897,36038,7736,10231,17850,35817,4276,4453,3607,3993,35100,140155
469,2014,2014/15,Maha,MULATIVU,District,6020,4083,4510,14613,5975,4083,4498,14556,3643,3439,2816,3330,13734,45739
470,2014,2014/15,Maha,NUWARAELIYA,District,1144,4074,19,5237,1137,4054,19,5210,4415,3526,2722,3717,2936,10912
471,2014,2014/15,Maha,POLONNARUWA,District,66727,6445,1594,74766,66447,6445,1594,74486,5343,5157,4360,5306,65891,349625
472,2014,2014/15,Maha,PUTTALAM,District,7857,10399,1860,20116,6982,9582,1726,18290,4185,3977,3675,4028,15546,62620
473,2014,2014/15,Maha,RATNAPURA,District,2197,6595,2959,11751,2197,6584,2955,11736,5126,3701,3528,3924,9975,39147
474,2014,2014/15,Maha,TRINCOMALEE,District,18733,8045,7692,34470,15111,7186,5921,28218,4808,4072,4106,4473,26213,117256
475,2014,2014/15,Maha,VAVUNIYA,District,4147,10901,1793,16841,4138,10882,1785,16805,5212,4828,3823,4816,15856,76363
476,2014,2014,Yala,AMPARA,District,41371,1742,1263,44377,41367,1730,1263,44360,4782,3395,3820,4700,42395,199265
477,2014,2014,Yala,ANURADHAPURA,District,9961,7573,8,17542,9808,6360,5,16174,4868,3833,2578,4461,13005,58012
478,2014,2014,Yala,BADULLA,District,8629,4194,20,12843,8557,4156,18,12731,5143,3953,3038,4751,10822,51419
479,2014,2014,Yala,BATTICALOA,District,17323,2850,109,20282,17323,2850,109,20282,4194,3805,3767,4137,17901,74062
480,2014,2014,Yala,COLOMBO,District,23,181,778,983,23,179,776,978,3171,3089,3066,3073,831,2555
481,2014,2014,Yala,GALLE,District,,161,4606,4767,,161,4606,4767,,2609,2739,2735,3731,10204
482,2014,2014,Yala,GAMPAHA,District,1456,1575,2140,5171,1325,1567,2120,5012,3720,3124,2882,3179,4260,13542
483,2014,2014,Yala,HAMBANTOTA,District,18305,2623,596,21524,17724,2388,532,20644,4535,5724,2748,4627,18037,83451
484,2014,2014,Yala,JAFFNA,District,,,,,,,,,,,,,,
485,2014,2014,Yala,KALUTARA,District,64,1160,5048,6272,64,1160,5037,6260,2589,2878,2806,2817,5775,16269
486,2014,2014,Yala,KANDY,District,3713,2783,1622,8118,3713,2780,1618,8110,4366,3375,2567,3667,6414,23521
487,2014,2014,Yala,KEGALLE,District,,1407,2562,3969,,1391,2543,3934,,2900,2689,2763,3685,10184
488,2014,2014,Yala,KILLINOCHCHI,District,324,,,324,324,,,324,4238,,,4238,287,1217
489,2014,2014,Yala,KURUNEGALA,District,10811,29492,19296,59599,10789,27290,14508,52587,4851,3632,2077,3453,52587,181603
490,2014,2014,Yala,MANNAR,District,955,771,,1726,601,594,,1195,3847,4094,,3970,1141,4530
491,2014,2014,Yala,MATALE,District,3113,2959,434,6507,3113,2828,354,6295,4623,3831,2865,4169,5661,23598
492,2014,2014,Yala,MATARA,District,2733,2884,5604,11221,2723,2856,5596,11175,4861,2883,2949,3398,8823,29982
493,2014,2014,Yala,MONARAGALA,District,5050,3489,276,8814,4822,2857,90,7769,4048,3357,2682,3778,7614,28765
494,2014,2014,Yala,MULATIVU,District,284,156,,440,284,140,,424,3726,3445,,3633,400,1453
495,2014,2014,Yala,NUWARAELIYA,District,414,1423,2,1839,414,1423,2,1839,4084,4332,2794,4274,1036,4430
496,2014,2014,Yala,POLONNARUWA,District,32677,1876,,34553,32669,1871,,34540,4906,4826,,4902,30554,149778
497,2014,2014,Yala,PUTTALAM,District,5397,4770,573,10741,5259,4556,492,10307,4298,3455,4337,3927,8761,34407
498,2014,2014,Yala,RATNAPURA,District,2078,4227,1106,7412,2078,4227,1106,7412,4591,3078,3231,3525,6300,22207
499,2014,2014,Yala,TRINCOMALEE,District,7394,,,7394,7319,,,7319,4446,,,4446,6799,30225
500,2014,2014,Yala,VAVUNIYA,District,664,893,,1557,664,619,,1283,4909,4075,,4507,1210,5455
501,2015,2015/16,Maha,AMPARA,District,61986,3804,15196,80986,61773,3783,15196,80752,4671,4456,3641,4467,77174,344765
502,2015,2015/16,Maha,ANURADHAPURA,District,29203,52935,14116,96254,29106,52658,14101,95865,5112,4666,4303,4748,77085,365988
503,2015,2015/16,Maha,BADULLA,District,11075,10442,5772,27289,11075,10442,5772,27289,4821,4197,3502,4303,23195,99813
504,2015,2015/16,Maha,BATTICALOA,District,20891,3006,38091,61988,18152,2801,35448,56401,2992,2774,3057,3022,49779,150434
505,2015,2015/16,Maha,COLOMBO,District,43,628,2225,2896,43,624,2221,2888,2696,3685,3351,3414,2455,8381
506,2015,2015/16,Maha,GALLE,District,66,480,9628,10174,66,471,9581,10118,3200,2334,2994,2965,7919,23476
507,2015,2015/16,Maha,GAMPAHA,District,1617,3207,5165,9989,1617,3201,5165,9983,3778,3943,3813,3849,8485,32661
508,2015,2015/16,Maha,HAMBANTOTA,District,20552,5845,1451,27848,19957,5776,1395,27128,5728,4995,2735,5418,23702,128424
509,2015,2015/16,Maha,JAFFNA,District,0,0,10252,10252,0,0,8389,8389,0,0,2352,2352,7445,17511
510,2015,2015/16,Maha,KALUTARA,District,129,1861,9746,11736,128,1860,9734,11722,3548,3223,3381,3358,10814,36314
511,2015,2015/16,Maha,KANDY,District,4132,5167,2448,11747,4132,5160,2441,11733,4471,3275,3600,3764,9279,34921
512,2015,2015/16,Maha,KEGALLE,District,,1772,3985,5757,,1757,3956,5713,,4500,3681,3933,5352,21046
513,2015,2015/16,Maha,KILLINOCHCHI,District,11273,344,12551,24168,11273,344,12551,24168,4004,3772,3925,3959,21446,84913
514,2015,2015/16,Maha,KURUNEGALA,District,15521,37432,27825,80778,15506,37384,27735,80625,4912,4087,3754,4131,80625,333062
515,2015,2015/16,Maha,MANNAR,District,15408,3236,54,18698,15376,3234,54,18664,5030,4862,4227,4999,17821,89079
516,2015,2015/16,Maha,MATALE,District,6729,8253,4876,19858,6725,8239,4760,19724,4696,4343,4330,4460,17738,79115
517,2015,2015/16,Maha,MATARA,District,3338,2730,6032,12100,3206,2645,5997,11848,4118,3661,4196,4055,9353,37932
518,2015,2015/16,Maha,MONARAGALA,District,9271,10423,17989,37683,9271,10409,17976,37656,4516,4249,3207,3817,36902,140855
519,2015,2015/16,Maha,MULATIVU,District,7299,4390,4357,16046,6719,4225,2471,13415,3714,3608,3396,3622,12658,45851
520,2015,2015/16,Maha,NUWARAELIYA,District,995,3854,17,4866,995,3854,17,4866,3828,3770,3160,3779,2742,10365
521,2015,2015/16,Maha,POLONNARUWA,District,56832,6649,1721,65202,56774,6628,1721,65123,5109,5026,3443,5056,57608,291274
522,2015,2015/16,Maha,PUTTALAM,District,7835,10298,1957,20090,7638,10024,1908,19570,4219,3847,3883,3996,16634,66466
523,2015,2015/16,Maha,RATNAPURA,District,2120,6289,2754,11163,2119,6269,2737,11125,4801,3764,3421,3877,9456,36660
524,2015,2015/16,Maha,TRINCOMALEE,District,18444,8641,7613,34698,18014,8636,7570,34220,4833,4459,4071,4570,31790,145279
525,2015,2015/16,Maha,VAVUNIYA,District,4134,11315,2029,17478,4134,11315,2029,17478,4188,4456,4171,4359,16491,71889
526,2015,2015,Yala,AMPARA,District,62051,2379,1543,65973,62046,2379,1543,65968,4924,4812,4327,4906,63046,309335
527,2015,2015,Yala,ANURADHAPURA,District,24617,25766,15,50398,24604,25483,15,50102,4928,4308,3172,4612,40287,185818
528,2015,2015,Yala,BADULLA,District,8766,4278,30,13074,8766,4278,30,13074,4766,3840,2979,4459,11112,49547
529,2015,2015,Yala,BATTICALOA,District,21587,3509,1915,27011,21536,3509,1915,26960,4834,4686,4779,4811,23795,114470
530,2015,2015,Yala,COLOMBO,District,39,249,1021,1309,39,242,1021,1302,2675,2874,2118,2275,1106,2516
531,2015,2015,Yala,GALLE,District,12,304,5378,5694,10,299,4816,5125,2636,2241,2674,2649,4011,10626
532,2015,2015,Yala,GAMPAHA,District,1388,1371,1833,4592,1382,1362,1832,4576,3390,3164,3213,3252,3889,12648
533,2015,2015,Yala,HAMBANTOTA,District,20302,4800,1200,26302,19722,4741,1163,25626,5523,4846,2901,5279,22389,118190
534,2015,2015,Yala,JAFFNA,District,,,,,,,,,,,,,,
535,2015,2015,Yala,KALUTARA,District,99,1373,6324,7796,99,1373,6283,7755,2726,3627,3478,3495,7153,25000
536,2015,2015,Yala,KANDY,District,3880,2940,1732,8552,3880,2934,1731,8545,4039,3334,3300,3647,6757,24643
537,2015,2015,Yala,KEGALLE,District,,1376,3347,4723,,1364,3314,4678,,3402,3452,3437,4382,15063
538,2015,2015,Yala,KILLINOCHCHI,District,6806,48,,6854,6806,48,,6854,4646,2957,,4634,6083,28189
539,2015,2015,Yala,KURUNEGALA,District,14559,29517,18573,62649,14550,29086,17682,61318,4640,3381,2971,3562,61319,218402
540,2015,2015,Yala,MANNAR,District,1500,1476,,2976,1480,1318,,2798,4904,5009,,4954,2672,13236
541,2015,2015,Yala,MATALE,District,5390,4089,707,10186,5385,4071,696,10152,4695,3774,2893,4202,9130,38362
542,2015,2015,Yala,MATARA,District,3709,3108,6838,13655,3290,2906,6505,12701,4529,3406,3726,3861,10027,38709
543,2015,2015,Yala,MONARAGALA,District,8258,6389,768,15415,8258,6378,767,15403,4359,3676,3053,4011,15095,60550
544,2015,2015,Yala,MULATIVU,District,4351,2618,,6969,4351,2618,,6969,4512,4586,,4540,6575,29848
545,2015,2015,Yala,NUWARAELIYA,District,507,1647,3,2157,507,1647,3,2157,3787,3992,2967,3943,1215,4792
546,2015,2015,Yala,POLONNARUWA,District,55532,6590,13,62135,55385,6401,13,61799,5140,5054,4427,5131,54668,280476
547,2015,2015,Yala,PUTTALAM,District,7227,7333,767,15327,7221,7220,731,15172,4142,3591,2844,3817,12896,49227
548,2015,2015,Yala,RATNAPURA,District,2092,4796,1423,8311,2092,4783,1415,8290,4823,3250,3486,3688,7046,25984
549,2015,2015,Yala,TRINCOMALEE,District,17570,3821,903,22294,17483,3821,903,22207,4820,4867,2761,4745,20631,97884
550,2015,2015,Yala,VAVUNIYA,District,2118,3598,6,5722,2107,3541,6,5654,4882,4567,2941,4683,5334,24978
551,2016,2016/17,Maha,AMPARA,District,62222,3667,15569,81458,59214,1507,7016,67737,5074,3226,2681,4785,64736,309733
552,2016,2016/17,Maha,ANURADHAPURA,District,12610,15784,9459,37853,11643,7704,389,19736,4827,4295,4248,4608,15870,73127
553,2016,2016/17,Maha,BADULLA,District,9914,6955,2924,19793,9793,6811,1405,18009,4936,4072,2265,4401,15308,67366
554,2016,2016/17,Maha,BATTICALOA,District,20104,3397,39335,62836,17788,2609,16469,36866,3078,2709,1880,2516,32537,81878
555,2016,2016/17,Maha,COLOMBO,District,48,506,1688,2242,48,506,1687,2241,3527,3479,3422,3437,1905,6546
556,2016,2016/17,Maha,GALLE,District,66,263,7789,8118,66,244,7777,8087,3477,3481,3546,3543,6328,22423
557,2016,2016/17,Maha,GAMPAHA,District,1418,2561,3953,7932,735,1715,2548,4998,2266,3479,3556,3340,4248,14187
558,2016,2016/17,Maha,HAMBANTOTA,District,17858,3161,992,22011,17703,3084,963,21750,5387,4943,3787,5253,19003,99825
559,2016,2016/17,Maha,JAFFNA,District,,,10049,10049,,,1830,1830,,,2021,2021,1624,3283
560,2016,2016/17,Maha,KALUTARA,District,98,1386,7354,8838,98,1384,7352,8834,3061,3481,3588,3565,8149,29051
561,2016,2016/17,Maha,KANDY,District,3548,3618,1394,8560,3536,3540,1224,8300,5142,4054,3105,4377,6563,28730
562,2016,2016/17,Maha,KEGALLE,District,,1168,2523,3691,,686,1159,1845,,4057,3960,3996,1728,6906
563,2016,2016/17,Maha,KILLINOCHCHI,District,11352,434,13170,24956,9838,304,4921,15063,4106,3331,3778,3983,13366,53241
564,2016,2016/17,Maha,KURUNEGALA,District,10235,17599,18954,46788,8180,6933,3368,18481,5014,4061,4373,4540,18481,83898
565,2016,2016/17,Maha,MANNAR,District,11586,2949,30,14565,11211,2652,,13863,4543,2968,,4242,13236,56149
566,2016,2016/17,Maha,MATALE,District,4818,2792,1739,9349,4608,2571,869,8048,4807,4200,3974,4523,7237,32734
567,2016,2016/17,Maha,MATARA,District,3411,2823,5345,11579,3380,2817,5312,11509,4767,4687,4413,4584,9087,41652
568,2016,2016/17,Maha,MONARAGALA,District,6135,6546,12999,25680,5974,4900,1751,12625,4589,3437,3007,3922,12371,48526
569,2016,2016/17,Maha,MULATIVU,District,7226,4504,3932,15662,3594,1316,857,5767,3231,2166,3020,2957,5441,16087
570,2016,2016/17,Maha,NUWARAELIYA,District,995,3316,11,4322,995,3316,11,4322,3631,3977,3893,3897,2435,9490
571,2016,2016/17,Maha,POLONNARUWA,District,43672,5175,774,49621,42034,5175,573,47782,5198,4271,3747,5080,42268,214722
572,2016,2016/17,Maha,PUTTALAM,District,4678,5356,1502,11536,3961,2273,543,6777,4005,3022,3380,3625,5761,20885
573,2016,2016/17,Maha,RATNAPURA,District,1853,4370,1732,7955,1851,4247,1651,7749,4978,3471,2843,3697,6587,24353
574,2016,2016/17,Maha,TRINCOMALEE,District,16131,5753,7352,29236,15127,2601,647,18375,4579,3307,3380,4356,17071,74365
575,2016,2016/17,Maha,VAVUNIYA,District,2845,6854,1316,11015,2622,2640,139,5401,4395,4307,3688,4334,5095,22083
576,2016,2016,Yala,AMPARA,District,60480,2125,1399,64004,60479,2125,1399,64003,4729,5440,5337,4766,61167,291520
577,2016,2016,Yala,ANURADHAPURA,District,19143,19538,20,38701,19085,19118,20,38223,4380,4208,5855,4295,30735,131995
578,2016,2016,Yala,BADULLA,District,8539,4123,17,12679,8539,4123,17,12679,4785,3656,2573,4415,10778,47583
579,2016,2016,Yala,BATTICALOA,District,22694,3483,1183,27360,22694,3483,1153,27330,3495,3709,3836,3536,24122,85305
580,2016,2016,Yala,COLOMBO,District,5,113,284,402,5,113,280,398,2463,2236,2703,2567,338,869
581,2016,2016,Yala,GALLE,District,,10,1189,1199,0,10,1170,1180,0,2657,3152,3148,924,2908
582,2016,2016,Yala,GAMPAHA,District,841,391,671,1903,841,384,650,1875,2962,2714,2362,2703,1594,4308
583,2016,2016,Yala,HAMBANTOTA,District,18790,3195,459,22444,18537,3076,429,22042,5224,5825,2687,5259,19258,101267
584,2016,2016,Yala,JAFFNA,District,,,,,,,,,,,,,,
585,2016,2016,Yala,KALUTARA,District,38,473,2288,2799,38,471,2277,2786,3179,3204,2898,2954,2570,7592
586,2016,2016,Yala,KANDY,District,3858,2492,1215,7565,3858,2489,1205,7552,4486,2292,3048,3533,5973,21103
587,2016,2016,Yala,KEGALLE,District,,700,1762,2462,,686,1732,2418,,3416,3323,3349,2266,7588
588,2016,2016,Yala,KILLINOCHCHI,District,2382,60,,2442,2382,60,,2442,4380,3606,,4360,2168,9452
589,2016,2016,Yala,KURUNEGALA,District,13890,22112,14188,50190,13858,21614,13884,49356,4524,3459,2675,3537,49357,174599
590,2016,2016,Yala,MANNAR,District,956,1460,,2416,946,1054,,2000,5283,3155,,4162,1910,7949
591,2016,2016,Yala,MATALE,District,4381,2798,235,7414,4377,2758,229,7364,4987,4814,3814,4886,6623,32359
592,2016,2016,Yala,MATARA,District,2147,1538,2719,6404,2094,1526,2714,6334,3558,3525,3953,3719,5000,18597
593,2016,2016,Yala,MONARAGALA,District,6156,2998,251,9405,6156,2985,243,9384,4503,4153,3400,4363,9196,40121
594,2016,2016,Yala,MULATIVU,District,4059,1285,,5344,4059,1285,,5344,4333,4185,,4297,5042,21666
595,2016,2016,Yala,NUWARAELIYA,District,446,1569,2,2017,445,1568,2,2015,3815,3152,1656,3297,1135,3744
596,2016,2016,Yala,POLONNARUWA,District,51258,5006,,56264,51239,5006,,56245,5029,5240,,5047,49754,251131
597,2016,2016,Yala,PUTTALAM,District,6565,6901,684,14150,6377,6541,651,13569,3633,2960,3081,3282,11533,37850
598,2016,2016,Yala,RATNAPURA,District,1760,3596,849,6205,1741,3556,835,6132,5083,3992,3039,4172,5212,21745
599,2016,2016,Yala,TRINCOMALEE,District,16978,3985,,20963,16978,3985,,20963,4928,4754,,4895,19474,95320
600,2016,2016,Yala,VAVUNIYA,District,1123,2248,,3371,1121,,,1121,4165,,,4165,1058,4405
601,2017,2017/18,Maha,AMPARA,District,61028,4582,15683,81293,60974,4392,10958,76324,4803,3296,3730,4562,72943,332767
602,2017,2017/18,Maha,ANURADHAPURA,District,23519,28352,7687,59558,23051,21436,3214,47701,4942,3996,3416,4414,38357,169316
603,2017,2017/18,Maha,BADULLA,District,5908,9628,4716,20252,5906,9600,4008,19514,5199,4114,3616,4340,16587,71989
604,2017,2017/18,Maha,BATTICALOA,District,22656,3625,38515,64796,22656,3625,38515,64796,3838,3062,2670,3100,57189,177289
605,2017,2017/18,Maha,COLOMBO,District,296,760,2127,3183,296,760,2127,3183,3487,3245,3529,3458,2705,9354
606,2017,2017/18,Maha,GALLE,District,201,2126,8448,10775,201,2126,8398,10725,3319,2458,3111,2986,8393,25059
607,2017,2017/18,Maha,GAMPAHA,District,1549,3505,5594,10648,1469,3485,5562,10516,3931,4177,3495,3782,8939,33805
608,2017,2017/18,Maha,HAMBANTOTA,District,27585,5851,1259,34695,27585,5851,1259,34695,5956,5479,3115,5773,30313,174989
609,2017,2017/18,Maha,JAFFNA,District,,,10424,10424,,,8964,8964,,,2055,2055,7955,16345
610,2017,2017/18,Maha,KALUTARA,District,143,1412,9529,11084,143,1410,9486,11039,3532,3497,3325,3349,10184,34107
611,2017,2017/18,Maha,KANDY,District,4214,4825,1996,11035,4214,4802,1826,10842,4714,3484,2824,3851,8574,33019
612,2017,2017/18,Maha,KEGALLE,District,,1757,4036,5793,,1744,3980,5724,,4301,4403,4372,5363,23443
613,2017,2017/18,Maha,KILLINOCHCHI,District,11418,553,14789,26760,11407,553,12508,24468,4536,4566,3903,4213,21713,91484
614,2017,2017/18,Maha,KURUNEGALA,District,11791,16442,19383,47616,11691,13914,16936,42541,5324,4466,3754,4418,42541,187951
615,2017,2017/18,Maha,MANNAR,District,15368,3958,79,19405,14512,3665,48,18225,4722,3565,3544,4487,17401,78071
616,2017,2017/18,Maha,MATALE,District,6944,6421,3515,16880,6900,6179,2887,15966,4268,5165,4685,4690,14359,67348
617,2017,2017/18,Maha,MATARA,District,4091,3233,6164,13488,4087,3210,6150,13447,4152,3617,3678,3808,10617,40425
618,2017,2017/18,Maha,MONARAGALA,District,9104,10439,16830,36373,9086,10069,10572,29727,4984,4281,3234,4123,29131,120120
619,2017,2017/18,Maha,MULATIVU,District,7902,4757,7126,19785,6560,3809,4342,14711,4643,3406,3425,3963,13879,55005
620,2017,2017/18,Maha,NUWARAELIYA,District,851,3825,29,4705,851,3824,29,4704,4034,3276,3978,3417,2651,9058
621,2017,2017/18,Maha,POLONNARUWA,District,54997,7572,2834,65403,54515,7371,2791,64677,5055,3688,3850,4848,57214,277349
622,2017,2017/18,Maha,PUTTALAM,District,2093,2996,791,5880,2051,2588,540,5179,3806,4517,3821,4163,4402,18322
623,2017,2017/18,Maha,RATNAPURA,District,2102,5369,2529,10000,2102,5345,2509,9956,4289,3542,2825,3519,8462,29775
624,2017,2017/18,Maha,TRINCOMALEE,District,20463,8040,10449,38952,20463,7626,9918,38007,4895,3104,3162,4083,35308,144171
625,2017,2017/18,Maha,VAVUNIYA,District,2491,8588,1826,12905,2412,5941,450,8803,4396,4133,4488,4223,8305,35071
626,2017,2017,Yala,AMPARA,District,43832,2255,215,46302,43501,2221,215,45937,4279,3773,3629,4251,43902,186647
627,2017,2017,Yala,ANURADHAPURA,District,5833,2410,282,8525,5726,2274,272,8272,4230,3116,3782,3909,6652,26004
628,2017,2017,Yala,BADULLA,District,5122,3535,11,8668,5121,3529,11,8661,4822,3877,2886,4434,7363,32648
629,2017,2017,Yala,BATTICALOA,District,19696,3312,1203,24211,19024,2706,481,22211,3294,4296,4006,3431,19603,67263
630,2017,2017,Yala,COLOMBO,District,24,224,698,946,23,218,667,908,2584,2627,2755,2720,772,2099
631,2017,2017,Yala,GALLE,District,,102,4817,4919,,98,4752,4850,,2692,2443,2448,3795,9291
632,2017,2017,Yala,GAMPAHA,District,887,656,1185,2728,830,598,1168,2596,3368,2621,2203,2672,2206,5895
633,2017,2017,Yala,HAMBANTOTA,District,17090,3155,722,20967,16940,3118,714,20772,5667,4130,3073,5348,18149,97050
634,2017,2017,Yala,JAFFNA,District,,,,,,,,,,,,,,
635,2017,2017,Yala,KALUTARA,District,102,974,4709,5785,102,941,4592,5635,3123,3065,3263,3228,5199,16778
636,2017,2017,Yala,KANDY,District,3645,1979,653,6277,3645,1943,631,6219,5013,3084,2559,4162,4918,20468
637,2017,2017,Yala,KEGALLE,District,,544,1132,1676,,535,1125,1660,,2701,2951,2871,1555,4463
638,2017,2017,Yala,KILLINOCHCHI,District,1365,64,,1429,1287,64,,1351,3992,4289,,4006,1198,4801
639,2017,2017,Yala,KURUNEGALA,District,4675,4031,7118,15824,4607,2395,2726,9728,4954,2812,3219,3940,9728,38332
640,2017,2017,Yala,MANNAR,District,,101,,101,,101,,101,,2839,,2839,97,274
641,2017,2017,Yala,MATALE,District,3520,1732,205,5457,3339,1628,171,5138,4435,4054,3319,4277,4620,19762
642,2017,2017,Yala,MATARA,District,3626,2885,5410,11921,3554,2836,5246,11636,3841,3333,3340,3491,9188,32078
643,2017,2017,Yala,MONARAGALA,District,6046,3605,249,9900,6045,3517,165,9727,4891,3920,2604,4502,9532,42911
644,2017,2017,Yala,MULATIVU,District,747,187,,934,747,158,,905,3195,3273,,3209,855,2742
645,2017,2017,Yala,NUWARAELIYA,District,279,862,1,1142,279,862,1,1142,4152,3447,2654,3619,644,2329
646,2017,2017,Yala,POLONNARUWA,District,36736,4138,8,40882,36363,3861,4,40228,4943,4275,2855,4878,35585,173595
647,2017,2017,Yala,PUTTALAM,District,1161,980,322,2463,761,84,136,981,3731,5025,5048,4024,834,3356
648,2017,2017,Yala,RATNAPURA,District,1857,3532,681,6070,1846,3471,643,5960,3167,3418,2733,3267,5066,16549
649,2017,2017,Yala,TRINCOMALEE,District,8031,946,,8977,7982,908,,8890,4861,4691,,4843,8259,40002
650,2017,2017,Yala,VAVUNIYA,District,159,328,,487,159,312,,471,5321,3871,,4361,445,1940
651,2018,2018/19,Maha,AMPARA,District,60032,4533,15417,79982,59903,4452,12005,76360,5248,4502,4138,5030,72976,367085
652,2018,2018/19,Maha,ANURADHAPURA,District,53254,45673,10886,109813,53188,45386,10680,109254,5889,5142,4207,5414,87851,475637
653,2018,2018/19,Maha,BADULLA,District,10757,9572,5341,25670,10755,9534,5326,25615,5030,4545,4350,4708,21773,102511
654,2018,2018/19,Maha,BATTICALOA,District,24554,3841,38819,67214,24554,3841,38819,67214,3450,3474,3025,3206,59323,190167
655,2018,2018/19,Maha,COLOMBO,District,306,718,2208,3232,306,718,2208,3232,3899,3576,3433,3509,2747,9638
656,2018,2018/19,Maha,GALLE,District,197,1509,6607,8313,196,1509,6603,8308,4050,2751,3336,3247,6502,21112
657,2018,2018/19,Maha,GAMPAHA,District,1589,3378,5377,10344,1577,3278,5236,10091,3401,3681,3835,3717,8577,31882
658,2018,2018/19,Maha,HAMBANTOTA,District,27269,5637,1258,34164,27269,5614,1258,34141,6804,6210,4507,6622,29829,197527
659,2018,2018/19,Maha,JAFFNA,District,,,10588,10588,,,10171,10171,,,4224,4224,9026,38123
660,2018,2018/19,Maha,KALUTARA,District,115,1347,8835,10297,115,1346,8831,10292,3842,3546,3654,3642,9494,34573
661,2018,2018/19,Maha,KANDY,District,4244,4805,2063,11112,4244,4779,2049,11072,5218,3640,3880,4289,8755,37554
662,2018,2018/19,Maha,KEGALLE,District,,1776,4114,5890,,1776,4114,5890,,4551,4794,4721,5517,26045
663,2018,2018/19,Maha,KILLINOCHCHI,District,11418,553,14794,26765,11258,521,14389,26168,4457,3866,2917,3599,23221,83563
664,2018,2018/19,Maha,KURUNEGALA,District,17944,36159,26267,80370,17937,35999,26139,80075,5660,4485,4370,4711,80076,377199
665,2018,2018/19,Maha,MANNAR,District,15281,3907,79,19267,15281,3907,79,19267,5115,5128,3828,5112,18396,94045
666,2018,2018/19,Maha,MATALE,District,7195,7604,4316,19115,7192,7521,4134,18847,5666,5301,4477,5260,16950,89147
667,2018,2018/19,Maha,MATARA,District,4078,3071,5801,12950,4005,3058,5738,12801,4602,4019,3927,4160,10106,42043
668,2018,2018/19,Maha,MONARAGALA,District,8893,10615,16536,36044,7050,9073,10057,26180,6515,4768,3915,4911,25656,125995
669,2018,2018/19,Maha,MULATIVU,District,6954,4242,5421,16617,5210,2907,2861,10978,5121,5287,4162,4915,10357,50907
670,2018,2018/19,Maha,NUWARAELIYA,District,843,3799,18,4660,843,3799,18,4660,4601,5090,4231,4998,2626,13124
671,2018,2018/19,Maha,POLONNARUWA,District,56720,6831,2419,65970,56679,6827,1682,65188,5083,5067,4840,5075,57666,292645
672,2018,2018/19,Maha,PUTTALAM,District,7899,10857,1925,20681,7870,10720,1803,20393,4877,4486,3891,4584,17334,79462
673,2018,2018/19,Maha,RATNAPURA,District,3809,5029,2337,11175,3804,5022,2333,11159,5728,4290,3850,4688,9486,44475
674,2018,2018/19,Maha,TRINCOMALEE,District,20243,7642,10702,38587,20243,7642,10583,38468,4681,4351,3320,4241,35737,151555
675,2018,2018/19,Maha,VAVUNIYA,District,4376,12326,2505,19207,4362,11560,2374,18296,5583,5683,5180,5594,17262,96567
676,2018,2018,Yala,AMPARA,District,41981,1912,369,44262,39658,1900,369,41927,4878,4256,3769,4840,40070,193924
677,2018,2018,Yala,ANURADHAPURA,District,15434,5666,141,21241,15213,4916,121,20250,5696,3957,3831,5262,16283,85691
678,2018,2018,Yala,BADULLA,District,7364,3414,32,10810,7364,3403,32,10799,4953,4078,3395,4673,9179,42893
679,2018,2018,Yala,BATTICALOA,District,19159,4498,1998,25655,19159,4498,1998,25655,4338,3555,3099,4104,22643,92926
680,2018,2018,Yala,COLOMBO,District,130,202,843,1175,130,202,842,1174,2724,3481,3289,3259,997,3250
681,2018,2018,Yala,GALLE,District,6,767,3172,3945,6,766,3172,3944,2708,3275,3188,3204,3087,9893
682,2018,2018,Yala,GAMPAHA,District,1383,2102,2678,6163,1244,2004,2518,5766,3193,2532,3759,3210,4901,15735
683,2018,2018,Yala,HAMBANTOTA,District,18959,4632,1180,24771,18919,4596,1180,24695,6735,5113,2948,6252,21577,134904
684,2018,2018,Yala,JAFFNA,District,,,,,,,,,,,,,,
685,2018,2018,Yala,KALUTARA,District,96,891,5191,6178,96,887,5125,6108,3271,3098,3019,3034,5634,17096
686,2018,2018,Yala,KANDY,District,2214,2666,1509,6389,2213,2630,1489,6332,5247,3672,3564,4197,5007,21014
687,2018,2018,Yala,KEGALLE,District,,1387,3276,4663,,1377,3245,4622,,3267,3063,3124,4330,13527
688,2018,2018,Yala,KILLINOCHCHI,District,948,,,948,948,,,948,4773,,,4773,841,4016
689,2018,2018,Yala,KURUNEGALA,District,11239,21515,17507,50261,10916,19355,16559,46830,5208,3663,3311,3899,46830,182575
690,2018,2018,Yala,MANNAR,District,479,,,479,479,,,479,4777,,,4777,457,2185
691,2018,2018,Yala,MATALE,District,3760,3591,616,7967,3753,3458,502,7713,4788,4510,3209,4561,6936,31633
692,2018,2018,Yala,MATARA,District,3996,2972,5255,12223,3965,2945,5152,12062,4717,3399,3478,3866,9523,36814
693,2018,2018,Yala,MONARAGALA,District,6044,6065,711,12820,5901,6009,668,12578,3872,3678,2070,3684,12326,45405
694,2018,2018,Yala,MULATIVU,District,1235,400,,1635,1235,400,,1635,4116,4257,,4151,1543,6403
695,2018,2018,Yala,NUWARAELIYA,District,488,2027,7,2522,487,2012,6,2505,4317,3977,3007,4041,1411,5703
696,2018,2018,Yala,POLONNARUWA,District,55651,5907,1,61559,54192,5672,1,59865,5080,4974,3777,5070,52957,268472
697,2018,2018,Yala,PUTTALAM,District,5352,6870,779,13001,5182,6234,665,12081,4634,4504,3848,4524,10269,46454
698,2018,2018,Yala,RATNAPURA,District,2040,4163,1090,7293,2040,4146,1079,7265,4393,4107,3130,4042,6176,24963
699,2018,2018,Yala,TRINCOMALEE,District,17291,3054,8,20353,17291,3054,8,20353,5100,4399,3259,4994,18909,94434
700,2018,2018,Yala,VAVUNIYA,District,293,157,,450,283,126,,409,4045,3994,,4029,386,1557
701,2019,2019/20,Maha,AMPARA,District,59732,4448,15237,79417,58060,4123,14611,76794,4986,3965,4107,4764,73392,349626
702,2019,2019/20,Maha,ANURADHAPURA,District,54056,52287,12559,118902,53756,52058,12514,118329,6215,5118,4716,5574,95148,530356
703,2019,2019/20,Maha,BADULLA,District,10572,9730,5339,25642,10572,9730,5339,25642,4501,4532,3986,4405,21795,96017
704,2019,2019/20,Maha,BATTICALOA,District,24476,3811,38709,66996,20161,3518,37565,61245,3824,4059,3735,3783,54055,204489
705,2019,2019/20,Maha,COLOMBO,District,256,558,2050,2864,256,558,2050,2864,3699,3496,3506,3521,2434,8571
706,2019,2019/20,Maha,GALLE,District,205,1448,6296,7948,205,1448,6286,7938,4000,3845,4011,3980,6213,24728
707,2019,2019/20,Maha,GAMPAHA,District,1544,3277,4893,9714,1461,3231,4871,9562,4423,4156,4240,4240,8128,34460
708,2019,2019/20,Maha,HAMBANTOTA,District,28003,5827,1148,34978,27970,5821,1142,34933,6568,5478,3992,6302,30521,192353
709,2019,2019/20,Maha,JAFFNA,District,,,10445,10445,,,10291,10291,,,3628,3628,9132,33135
710,2019,2019/20,Maha,KALUTARA,District,107,1304,8145,9556,107,1303,8080,9491,3644,3523,3660,3641,8756,31876
711,2019,2019/20,Maha,KANDY,District,4201,4797,2006,11004,4200,4793,2000,10994,5777,3229,4432,4422,8694,38440
712,2019,2019/20,Maha,KEGALLE,District,,1559,3797,5356,,1553,3785,5338,,4167,4718,4558,5001,22793
713,2019,2019/20,Maha,KILLINOCHCHI,District,12088,553,14524,27165,12088,553,14524,27165,3778,3329,4505,4158,24106,100224
714,2019,2019/20,Maha,KURUNEGALA,District,17945,37748,26785,82479,17871,37501,26639,82011,5733,4748,4036,4732,82011,388043
715,2019,2019/20,Maha,MANNAR,District,15289,3999,79,19368,15289,3999,79,19368,4880,4651,3447,4827,18492,89263
716,2019,2019/20,Maha,MATALE,District,6877,7076,4505,18457,6846,7044,4496,18386,5415,5162,5406,5316,16534,87897
717,2019,2019/20,Maha,MATARA,District,3898,2767,5081,11746,3855,2697,5044,11596,4628,3553,3498,3886,9155,35581
718,2019,2019/20,Maha,MONARAGALA,District,8963,10888,14505,34356,8619,10721,14313,33654,6324,4688,3955,4796,32981,158159
719,2019,2019/20,Maha,MULATIVU,District,7579,4355,6325,18259,7579,4355,6325,18259,4711,4806,4452,4644,17228,80008
720,2019,2019/20,Maha,NUWARAELIYA,District,420,1310,5,1734,420,1310,5,1734,3605,3607,4034,3608,977,3525
721,2019,2019/20,Maha,POLONNARUWA,District,56959,7431,2626,67016,56734,7326,2534,66594,5341,6272,4305,5404,58909,318352
722,2019,2019/20,Maha,PUTTALAM,District,7905,11022,1637,20563,7359,10718,1511,19588,4711,4629,4526,4652,16649,77449
723,2019,2019/20,Maha,RATNAPURA,District,3904,4716,2136,10756,3902,4708,2127,10738,6096,4781,3964,5097,9127,46521
724,2019,2019/20,Maha,TRINCOMALEE,District,20399,6887,10999,38285,20399,6887,10999,38285,4752,4418,3647,4375,35567,155592
725,2019,2019/20,Maha,VAVUNIYA,District,4366,12406,2469,19241,4360,12292,2465,19117,4699,5034,4982,4951,18036,89294
726,2019,2019,Yala,AMPARA,District,53948,1855,252,56055,53349,1524,244,55117,5407,4559,3989,5377,52675,283226
727,2019,2019,Yala,ANURADHAPURA,District,18936,14458,18,33412,18236,13837,18,32091,5271,4920,3870,5119,25805,132103
728,2019,2019,Yala,BADULLA,District,8072,3171,27,11270,7845,3116,27,10988,5471,4262,2152,5120,9340,47817
729,2019,2019,Yala,BATTICALOA,District,20773,4673,1998,27444,18847,3832,1826,24505,3568,4538,3067,3683,21627,79649
730,2019,2019,Yala,COLOMBO,District,103,129,660,892,91,120,577,788,3534,3628,2872,3064,670,2054
731,2019,2019,Yala,GALLE,District,20,537,2776,3333,15,380,2275,2670,2672,3199,2983,3012,2090,6295
732,2019,2019,Yala,GAMPAHA,District,1341,1917,2242,5500,738,1496,1949,4183,4031,2957,3178,3250,3556,11555
733,2019,2019,Yala,HAMBANTOTA,District,27955,3974,773,32702,27645,3858,692,32195,5877,5019,3632,5726,28129,161070
734,2019,2019,Yala,JAFFNA,District,,,,,,,,,,,,,,
735,2019,2019,Yala,KALUTARA,District,98,817,4161,5076,98,762,3882,4742,3075,2926,2838,2857,4375,12502
736,2019,2019,Yala,KANDY,District,3647,1488,723,5858,3647,1465,705,5817,3428,3060,3953,3399,4599,15632
737,2019,2019,Yala,KEGALLE,District,,728,1956,2684,,638,1647,2285,,3015,2831,2882,2140,6168
738,2019,2019,Yala,KILLINOCHCHI,District,9469,112,,9581,9469,112,,9581,5183,5159,,5183,8502,44063
739,2019,2019,Yala,KURUNEGALA,District,9591,15801,13756,39148,9252,12749,8763,30764,4716,4073,3191,4015,30763,123518
740,2019,2019,Yala,MANNAR,District,909,16,,925,902,13,,915,5527,4634,,5514,873,4815
741,2019,2019,Yala,MATALE,District,3390,990,241,4621,3366,922,204,4492,5524,4572,3996,5259,4040,21247
742,2019,2019,Yala,MATARA,District,3876,2804,4626,11306,2806,2098,3846,8750,3577,3048,3100,3240,6908,22383
743,2019,2019,Yala,MONARAGALA,District,7786,5940,420,14146,7478,5356,353,13187,5549,4670,2936,5122,12924,66200
744,2019,2019,Yala,MULATIVU,District,4581,713,,5294,4581,681,,5262,5116,4846,,5081,4965,25228
745,2019,2019,Yala,NUWARAELIYA,District,263,1224,,1487,263,1224,,1487,2390,2784,,2715,838,2274
746,2019,2019,Yala,POLONNARUWA,District,56471,5153,,61624,56419,5010,,61429,5522,5392,,5511,54340,299468
747,2019,2019,Yala,PUTTALAM,District,5002,2864,594,8460,4624,2091,446,7161,5632,2292,2771,4479,6087,27262
748,2019,2019,Yala,RATNAPURA,District,3585,3159,605,7349,3567,3065,552,7184,5665,4177,3106,4834,6106,29516
749,2019,2019,Yala,TRINCOMALEE,District,15252,3123,,18375,15252,2847,,18099,5194,3823,,4978,16814,83700
750,2019,2019,Yala,VAVUNIYA,District,1514,850,,2364,1509,809,,2318,5662,4807,,5363,2187,11730
751,2020,2020/21,Maha,AMPARA,District,60673,4471,16005,81149,60426,4396,15110,79932,4996,5083,3826,4780,76391,365123
752,2020,2020/21,Maha,ANURADHAPURA,District,51479,48058,13012,112549,51406,47959,13001,112366,5723,4786,3773,5098,90353,460585
753,2020,2020/21,Maha,BADULLA,District,10535,9081,3952,23568,10535,9081,3952,23568,5334,4813,3699,4859,20033,97344
754,2020,2020/21,Maha,BATTICALOA,District,24514,3825,38735,67074,23698,3815,38117,65630,3810,4134,3776,3809,57925,220640
755,2020,2020/21,Maha,COLOMBO,District,307,727,2823,3857,307,727,2821,3855,3602,3694,3744,3723,3276,12198
756,2020,2020/21,Maha,GALLE,District,255,2196,11060,13511,248,2163,10935,13346,2340,3361,3435,3403,10444,35538
757,2020,2020/21,Maha,GAMPAHA,District,1858,4062,6530,12450,1841,4038,6477,12356,4137,3838,3587,3751,10502,39390
758,2020,2020/21,Maha,HAMBANTOTA,District,28878,4886,1148,34912,28878,4866,1146,34890,6224,4494,3197,5883,30483,179336
759,2020,2020/21,Maha,JAFFNA,District,,,11228,11228,,,8635,8635,,,2549,2549,7663,19530
760,2020,2020/21,Maha,KALUTARA,District,220,1681,11118,13019,220,1662,11028,12910,3273,3340,3362,3358,11910,39990
761,2020,2020/21,Maha,KANDY,District,4242,5293,2651,12186,4242,5292,2650,12184,6162,3824,4201,4720,9635,45478
762,2020,2020/21,Maha,KEGALLE,District,,1885,4866,6751,,1885,4864,6749,,4099,4188,4163,6322,26317
763,2020,2020/21,Maha,KILLINOCHCHI,District,12171,578,14609,27358,12171,578,14609,27358,3439,3712,3542,3500,24277,84963
764,2020,2020/21,Maha,KURUNEGALA,District,17094,33418,25545,76057,17078,33230,25326,75634,4442,3485,3704,3775,75634,285481
765,2020,2020/21,Maha,MANNAR,District,16069,4057,116,20242,16062,4008,74,20144,5500,4177,3075,5228,19234,100561
766,2020,2020/21,Maha,MATALE,District,7303,7225,4380,18908,7301,7218,4363,18882,5990,5605,5237,5669,16980,96263
767,2020,2020/21,Maha,MATARA,District,4312,3291,6511,14114,4264,3170,6495,13929,3770,3716,3401,3585,10997,39430
768,2020,2020/21,Maha,MONARAGALA,District,8815,10685,15400,34900,8813,10573,14828,34214,5652,4536,4019,4599,33530,154218
769,2020,2020/21,Maha,MULATIVU,District,7965,5315,9501,22781,7928,5315,9501,22744,4293,5112,3770,4266,21459,91546
770,2020,2020/21,Maha,NUWARAELIYA,District,865,4004,8,4877,865,4004,8,4877,4420,5154,2872,5020,2748,13798
771,2020,2020/21,Maha,POLONNARUWA,District,57596,6526,2401,66523,57596,6526,2401,66523,5259,5396,3811,5220,58846,307190
772,2020,2020/21,Maha,PUTTALAM,District,8077,9672,1905,19654,7978,9409,1847,19234,4348,3218,3835,3746,16348,61240
773,2020,2020/21,Maha,RATNAPURA,District,4074,6007,3277,13358,4074,6000,3277,13351,6033,3824,3689,4465,11348,50666
774,2020,2020/21,Maha,TRINCOMALEE,District,21161,7530,11147,39838,21161,7530,11147,39838,4450,4295,3839,4250,37009,157272
775,2020,2020/21,Maha,VAVUNIYA,District,4412,12249,2715,19376,4400,12147,2715,19262,4787,4105,4050,4253,18174,77297
776,2020,2020,Yala,AMPARA,District,58634,2253,408,61295,58169,2131,408,60708,5017,4843,3796,5003,58018,290263
777,2020,2020,Yala,ANURADHAPURA,District,28235,10721,378,39334,28198,10685,375,39258,5181,4326,3828,4936,31567,155805
778,2020,2020,Yala,BADULLA,District,7869,3782,12,11663,7868,3759,12,11639,5317,4255,4556,4973,9893,49200
779,2020,2020,Yala,BATTICALOA,District,22466,4491,1998,28955,22466,4479,1998,28943,4523,4794,4774,4582,25545,117059
780,2020,2020,Yala,COLOMBO,District,319,586,2314,3219,319,586,2314,3219,3060,4134,3095,3281,2736,8976
781,2020,2020,Yala,GALLE,District,299,2080,9172,11551,293,1949,8673,10915,2221,3050,2810,2837,8542,24233
782,2020,2020,Yala,GAMPAHA,District,1768,3545,5131,10444,1655,3429,4916,10000,3980,3491,3233,3445,8500,29283
783,2020,2020,Yala,HAMBANTOTA,District,28626,4574,967,34167,28624,4570,967,34161,6207,5132,3474,5986,29846,178647
784,2020,2020,Yala,JAFFNA,District,,,,,,,,,,,,,,
785,2020,2020,Yala,KALUTARA,District,167,1588,9898,11653,167,1571,9854,11592,3643,3175,3409,3380,10694,36149
786,2020,2020,Yala,KANDY,District,3703,3059,2075,8837,3700,3047,2056,8803,5370,3046,3374,4099,6961,28536
787,2020,2020,Yala,KEGALLE,District,,1749,4565,6314,,1730,4522,6252,,3816,3699,3731,5857,21855
788,2020,2020,Yala,KILLINOCHCHI,District,9963,71,,10034,9963,71,,10034,5268,2695,,5250,8904,46742
789,2020,2020,Yala,KURUNEGALA,District,13933,25135,19059,58127,13894,24293,18344,56531,4954,4348,4039,4397,56531,248546
790,2020,2020,Yala,MANNAR,District,1594,16,,1610,1594,16,,1610,5390,3543,,5372,1537,8259
791,2020,2020,Yala,MATALE,District,5076,2759,386,8221,5076,2751,382,8209,5396,4487,4169,5034,7382,37161
792,2020,2020,Yala,MATARA,District,4348,3282,6283,13913,4168,3213,6118,13499,3855,3491,3425,3573,10658,38084
793,2020,2020,Yala,MONARAGALA,District,7733,5943,724,14400,7691,5806,688,14185,5294,4646,3089,4922,13902,68422
794,2020,2020,Yala,MULATIVU,District,4392,1069,,5461,4392,1069,,5461,5312,4468,,5147,5152,26514
795,2020,2020,Yala,NUWARAELIYA,District,824,3579,3,4406,824,3579,3,4406,6174,4131,2439,4512,2483,11201
796,2020,2020,Yala,POLONNARUWA,District,56805,5568,,62373,56805,5342,,62147,5238,5313,,5244,54975,288314
797,2020,2020,Yala,PUTTALAM,District,7067,7094,1021,15182,6970,6505,788,14263,4818,3934,3526,4343,12123,52656
798,2020,2020,Yala,RATNAPURA,District,3953,5188,2321,11462,3931,5113,2280,11324,6073,3696,3109,4403,9626,42382
799,2020,2020,Yala,TRINCOMALEE,District,18500,3344,268,22112,18500,3344,268,22112,5475,4304,3010,5268,20542,108222
800,2020,2020,Yala,VAVUNIYA,District,392,1077,4,1473,392,1076,4,1472,6294,5246,3124,5520,1388,7663
801,2021,2021/22,Maha,AMPARA,District,61692,4643,16107,82442,61535,4612,15083,81230,3046,2680,2141,2857,77631,221529
802,2021,2021/22,Maha,ANURADHAPURA,District,52690,50615,13664,116969,52616,50328,13621,116565,3132,2698,2525,2873,93730,260448
803,2021,2021/22,Maha,BADULLA,District,10490,8761,4944,24195,10490,8751,4944,24185,2830,3456,2686,3027,20557,62221
804,2021,2021/22,Maha,BATTICALOA,District,24312,3830,38378,66520,24312,3830,38378,66520,1918,1717,1456,1639,58711,96253
805,2021,2021/22,Maha,COLOMBO,District,324,710,2796,3830,324,710,2777,3811,3321,2236,2500,2521,3239,8166
806,2021,2021/22,Maha,GALLE,District,144,1756,9335,11235,144,1706,9071,10921,2653,2825,2453,2514,8546,21486
807,2021,2021/22,Maha,GAMPAHA,District,1659,3076,6776,11511,1556,3036,6610,11202,2056,2671,3105,2842,9522,27059
808,2021,2021/22,Maha,HAMBANTOTA,District,29498,5463,1143,36104,29438,5438,1131,36007,4144,3180,3202,3969,31459,124870
809,2021,2021/22,Maha,JAFFNA,District,,,11127,11127,,,7775,7775,,,2176,2176,6899,15013
810,2021,2021/22,Maha,KALUTARA,District,145,1573,10221,11939,129,1544,9893,11566,3716,2341,2583,2563,10669,27349
811,2021,2021/22,Maha,KANDY,District,4268,5181,2762,12211,4268,5176,2757,12201,3092,3190,3540,3235,9649,31211
812,2021,2021/22,Maha,KEGALLE,District,,1784,4517,6301,,1779,4512,6291,,3395,3540,3499,5894,20620
813,2021,2021/22,Maha,KILLINOCHCHI,District,12171,577,14655,27403,12171,577,14655,27403,2847,2791,2172,2485,24317,60417
814,2021,2021/22,Maha,KURUNEGALA,District,17608,37541,26305,81454,17562,37171,25876,80609,3405,3060,3353,3229,80609,260302
815,2021,2021/22,Maha,MANNAR,District,16114,4257,95,20466,15995,4094,82,20171,2702,2534,1304,2662,19259,51276
816,2021,2021/22,Maha,MATALE,District,7628,7839,4525,19992,7593,7815,4512,19920,3089,3601,3304,3339,17914,59812
817,2021,2021/22,Maha,MATARA,District,4259,3193,6233,13685,4105,2963,6110,13178,3149,2625,2573,2764,10404,28761
818,2021,2021/22,Maha,MONARAGALA,District,8708,10660,14993,34361,8693,10552,14943,34188,3957,3129,2321,2987,33504,100062
819,2021,2021/22,Maha,MULATIVU,District,8095,4462,7433,19990,8013,4411,7404,19828,2267,2619,2158,2305,18707,43110
820,2021,2021/22,Maha,NUWARAELIYA,District,900,4133,11,5044,900,4126,8,5034,4652,3763,3870,3922,2836,11126
821,2021,2021/22,Maha,POLONNARUWA,District,57364,6768,2404,66536,57364,6768,2404,66536,3175,2701,2506,3103,58858,182628
822,2021,2021/22,Maha,PUTTALAM,District,8316,10591,2023,20930,7836,9793,1849,19478,2490,2281,2803,2415,16557,39985
823,2021,2021/22,Maha,RATNAPURA,District,4168,5886,3038,13092,4164,5857,3020,13041,4524,2897,2676,3365,11085,37299
824,2021,2021/22,Maha,TRINCOMALEE,District,21078,7495,11077,39650,21071,7490,11068,39629,3199,2482,1762,2662,36815,98005
825,2021,2021/22,Maha,VAVUNIYA,District,4432,12374,2053,18859,4432,12374,2053,18859,2524,2377,2020,2373,17793,42222
826,2021,2021,Yala,AMPARA,District,59755,2468,637,62860,59682,2468,626,62776,5247,4785,5277,5229,59995,313708
827,2021,2021,Yala,ANURADHAPURA,District,40880,20703,521,62104,40870,20626,521,62017,4789,4546,2765,4691,49868,233948
828,2021,2021,Yala,BADULLA,District,7855,4186,57,12098,7855,4186,57,12098,4996,5260,5135,5088,10284,52327
829,2021,2021,Yala,BATTICALOA,District,22103,4401,1998,28502,22103,4401,1998,28502,4591,4709,5388,4665,25156,117353
830,2021,2021,Yala,COLOMBO,District,286,327,1908,2521,253,319,1776,2348,2606,2795,2372,2455,1996,4899
831,2021,2021,Yala,GALLE,District,100,989,7459,8548,97,953,7276,8326,2734,1894,3030,2897,6515,18873
832,2021,2021,Yala,GAMPAHA,District,1811,2777,5366,9954,1114,2442,4936,8492,3389,3118,2838,2991,7218,21588
833,2021,2021,Yala,HAMBANTOTA,District,28735,4662,1093,34490,28735,4662,1093,34490,6051,4902,3464,5814,30134,175190
834,2021,2021,Yala,JAFFNA,District,,,,,,,,,,,,,,
835,2021,2021,Yala,KALUTARA,District,163,1408,8195,9766,162,1360,7907,9429,2012,2696,3130,3048,8698,26515
836,2021,2021,Yala,KANDY,District,3936,3124,2218,9278,3934,3109,2213,9256,2579,3077,3411,2945,7320,21559
837,2021,2021,Yala,KEGALLE,District,,1466,4011,5477,,1463,3997,5460,,3197,2915,2991,5115,15297
838,2021,2021,Yala,KILLINOCHCHI,District,9961,110,,10071,9961,110,,10071,4634,3308,,4620,8937,41288
839,2021,2021,Yala,KURUNEGALA,District,15650,31749,21174,68573,15601,31442,20945,67988,4667,3897,3736,4024,67988,273572
840,2021,2021,Yala,MANNAR,District,2210,530,,2740,2210,522,,2732,5182,3864,,4931,2608,12860
841,2021,2021,Yala,MATALE,District,7001,4486,856,12343,6997,4473,855,12325,5102,4063,3860,4639,11084,51415
842,2021,2021,Yala,MATARA,District,4316,3316,6450,14082,4218,3250,6394,13862,3977,3869,3489,3727,10944,40787
843,2021,2021,Yala,MONARAGALA,District,7972,7090,790,15852,7959,7018,782,15759,6096,4060,2965,5034,15444,77752
844,2021,2021,Yala,MULATIVU,District,5875,1508,,7383,5875,1508,,7383,5322,5152,,5287,6966,36832
845,2021,2021,Yala,NUWARAELIYA,District,490,2082,1,2573,490,2082,1,2573,4658,3745,,3917,1450,5680
846,2021,2021,Yala,POLONNARUWA,District,56994,5632,,62626,56994,5405,,62399,5483,4995,,5441,55199,300317
847,2021,2021,Yala,PUTTALAM,District,8194,9200,1208,18602,7808,8568,1115,17491,4474,3554,3326,3950,14868,58728
848,2021,2021,Yala,RATNAPURA,District,4023,4916,1834,10773,4017,4907,1819,10743,4873,3808,3296,4119,9131,37617
849,2021,2021,Yala,TRINCOMALEE,District,20223,4501,515,25239,20223,4501,515,25239,5257,5306,5311,5267,23447,123491
850,2021,2021,Yala,VAVUNIYA,District,2136,2876,,5012,2136,2866,,5002,5381,5829,,5638,4719,26606
851,2022,2022/23,Maha,AMPARA,District,60740,3796,16017,80553,60720,3457,15709,79886,4487,3878,3018,4172,76347,318517
852,2022,2022/23,Maha,ANURADHAPURA,District,55236,47959,15623,118818,55089,47181,15087,117357,4730,3240,2539,3849,94367,363239
853,2022,2022/23,Maha,BADULLA,District,10718,10022,5026,25766,10718,10007,5026,25751,3677,4051,2855,3662,21889,80152
854,2022,2022/23,Maha,BATTICALOA,District,30212,4014,37207,71433,30212,4014,37207,71433,3800,3220,2494,3088,63047,194671
855,2022,2022/23,Maha,COLOMBO,District,388,638,3189,4215,388,637,3186,4211,2947,2699,2875,2855,3580,10222
856,2022,2022/23,Maha,GALLE,District,,223,12096,12319,,215,11795,12010,,2547,2532,2532,9400,23803
857,2022,2022/23,Maha,GAMPAHA,District,1859,2144,8345,12348,1847,2127,8275,12249,3705,3516,3380,3453,10411,35911
858,2022,2022/23,Maha,HAMBANTOTA,District,30406,5649,1292,37347,30390,5607,1292,37289,5754,4364,3524,5468,32579,178137
859,2022,2022/23,Maha,JAFFNA,District,,,11408,11408,,,11261,11261,,,2889,2889,9993,28869
860,2022,2022/23,Maha,KALUTARA,District,140,1428,11580,13148,139,1417,11515,13071,2554,2600,2753,2735,12058,32973
861,2022,2022/23,Maha,KANDY,District,4360,5673,3145,13178,4360,5669,3143,13172,3987,3629,3052,3610,10417,37603
862,2022,2022/23,Maha,KEGALLE,District,,742,6389,7131,,741,6386,7127,,3674,3571,3581,6676,23909
863,2022,2022/23,Maha,KILLINOCHCHI,District,11880,425,15578,27883,11880,425,15207,27512,3387,3261,3157,3258,24414,79545
864,2022,2022/23,Maha,KURUNEGALA,District,17552,34443,26258,78253,17523,34276,26058,77857,4391,3568,3588,3760,77857,292723
865,2022,2022/23,Maha,MANNAR,District,15196,6477,444,22117,15193,6476,444,22113,3802,2972,746,3497,21113,73839
866,2022,2022/23,Maha,MATALE,District,7657,8197,4420,20274,7657,8190,4416,20263,4134,4391,4042,4218,18223,76864
867,2022,2022/23,Maha,MATARA,District,3825,4239,6503,14567,3779,4199,6485,14463,3765,3688,3014,3406,11418,38884
868,2022,2022/23,Maha,MONARAGALA,District,9454,11767,14407,35628,9446,11741,14386,35573,4913,4429,3058,4003,34861,139548
869,2022,2022/23,Maha,MULATIVU,District,8772,5335,11545,25652,8772,5335,11545,25652,3537,3226,2824,3152,24203,76274
870,2022,2022/23,Maha,NUWARAELIYA,District,877,4066,17,4960,877,4059,17,4953,3767,3935,3858,3905,2791,10898
871,2022,2022/23,Maha,POLONNARUWA,District,58842,7768,2877,69487,58842,7737,2870,69449,4383,4935,3696,4416,61434,271313
872,2022,2022/23,Maha,PUTTALAM,District,6683,10406,2280,19369,6595,10245,2193,19033,4145,3305,3077,3570,16178,57756
873,2022,2022/23,Maha,RATNAPURA,District,4683,6687,3271,14641,4683,6662,3253,14598,5292,3262,2578,3761,12409,46666
874,2022,2022/23,Maha,TRINCOMALEE,District,24819,10084,13700,48603,24809,10065,13700,48574,3684,2686,2483,3138,45126,141623
875,2022,2022/23,Maha,VAVUNIYA,District,4792,14342,4369,23503,4779,14059,4171,23009,3405,2745,2626,2861,21710,62101
876,2022,2022,Yala,AMPARA,District,60016,2299,371,62686,60002,2273,369,62644,3746,2887,2602,3708,59869,221999
877,2022,2022,Yala,ANURADHAPURA,District,37267,22127,524,59918,37249,22071,512,59832,3375,3073,1628,3248,48111,156283
878,2022,2022,Yala,BADULLA,District,7676,4888,30,12594,7676,4887,30,12593,3190,3598,3661,3349,10704,35851
879,2022,2022,Yala,BATTICALOA,District,22260,4438,1998,28696,22260,4438,1998,28696,2970,2974,2672,2950,25327,74720
880,2022,2022,Yala,COLOMBO,District,287,382,2211,2880,287,382,2211,2880,3114,2187,2093,2207,2448,5412
881,2022,2022,Yala,GALLE,District,203,1685,8727,10615,202,1654,8566,10422,2077,2039,2227,2194,8155,17896
882,2022,2022,Yala,GAMPAHA,District,1744,2891,5215,9850,1744,2887,5205,9836,2604,2681,2352,2493,8360,20844
883,2022,2022,Yala,HAMBANTOTA,District,28270,3927,834,33031,28250,3920,833,33003,4833,3523,2252,4612,28834,132995
884,2022,2022,Yala,JAFFNA,District,,,,,,,,,,,,,,
885,2022,2022,Yala,KALUTARA,District,136,1505,9124,10765,136,1502,9023,10661,3618,2593,2267,2330,9834,22915
886,2022,2022,Yala,KANDY,District,4135,3437,2518,10090,4135,3437,2517,10089,3469,3188,2881,3227,7978,25743
887,2022,2022,Yala,KEGALLE,District,,1719,4385,6104,,1713,4375,6088,,2562,2542,2548,5704,14533
888,2022,2022,Yala,KILLINOCHCHI,District,10258,75,,10333,10258,70,,10328,2951,2038,,2945,9164,26985
889,2022,2022,Yala,KURUNEGALA,District,14206,22765,19859,56830,14193,22660,19728,56581,2827,2835,2669,2775,56580,157003
890,2022,2022,Yala,MANNAR,District,1845,430,,2275,1844,430,,2274,3575,2781,,3425,2171,7435
891,2022,2022,Yala,MATALE,District,6525,5064,1127,12716,6520,5045,1118,12683,2723,2904,2419,2768,11406,31577
892,2022,2022,Yala,MATARA,District,4021,3165,6135,13321,3811,3143,6118,13072,2984,2502,2690,2730,10320,28178
893,2022,2022,Yala,MONARAGALA,District,7809,6775,987,15571,7797,6691,949,15437,4060,3022,868,3414,15129,51654
894,2022,2022,Yala,MULATIVU,District,5008,1883,,6891,5008,1883,,6891,3358,4092,,3558,6501,23132
895,2022,2022,Yala,NUWARAELIYA,District,638,2233,2,2873,638,2231,2,2871,4310,3530,4022,3704,1618,5993
896,2022,2022,Yala,POLONNARUWA,District,53098,5538,,58636,53095,5536,,58631,4306,4123,,4288,51865,222414
897,2022,2022,Yala,PUTTALAM,District,5939,6543,926,13408,5930,6462,916,13308,3232,2351,2515,2755,11312,31158
898,2022,2022,Yala,RATNAPURA,District,4163,5307,2140,11610,4142,5270,2110,11522,4341,2960,2411,3356,9793,32865
899,2022,2022,Yala,TRINCOMALEE,District,19599,4443,449,24491,19599,4443,449,24491,4143,3441,4723,4026,22752,91605
900,2022,2022,Yala,VAVUNIYA,District,2416,3069,,5485,2409,3047,,5456,4563,4215,,4368,5147,22485
901,2023,2023/24,Maha,AMPARA,District,61229,4118,16026,81373,53088,3352,14605,71045,4327,2573,2811,3933,67898,267017
902,2023,2023/24,Maha,ANURADHAPURA,District,55880,52816,16805,125501,55807,52690,16774,125271,5388,4151,3666,4637,100730,467075
903,2023,2023/24,Maha,BADULLA,District,10914,9936,5206,26056,10914,9935,5204,26053,4486,4820,3891,4494,22145,99528
904,2023,2023/24,Maha,BATTICALOA,District,30219,4142,37178,71539,26347,3806,36838,66991,2434,2491,2385,2410,59127,142522
905,2023,2023/24,Maha,COLOMBO,District,321,646,2690,3657,321,638,2689,3648,3517,3318,3408,3402,3100,10547
906,2023,2023/24,Maha,GALLE,District,,122,6892,7014,,122,6701,6823,,2341,3004,2993,5340,15980
907,2023,2023/24,Maha,GAMPAHA,District,1557,1673,7404,10634,1517,1614,7275,10406,2896,2839,3285,3159,8845,27942
908,2023,2023/24,Maha,HAMBANTOTA,District,29547,5764,1216,36527,29174,5593,1191,35958,6005,4464,3052,5668,31417,178053
909,2023,2023/24,Maha,JAFFNA,District,,,11362,11362,,,11340,11340,,,2691,2691,10063,27081
910,2023,2023/24,Maha,KALUTARA,District,78,1462,10007,11547,75,1461,9957,11493,2507,2790,3071,3032,10603,32142
911,2023,2023/24,Maha,KANDY,District,4365,5472,2984,12821,4365,5470,2983,12818,4745,3513,3098,3836,10137,38881
912,2023,2023/24,Maha,KEGALLE,District,,679,5447,6126,,679,5446,6125,,3808,3598,3622,5737,20779
913,2023,2023/24,Maha,KILLINOCHCHI,District,11880,425,15556,27861,11839,425,15553,27817,2035,2203,1977,2005,24684,49494
914,2023,2023/24,Maha,KURUNEGALA,District,16000,34066,25241,75307,15950,33754,24978,74682,4141,3429,3461,3592,74682,268234
915,2023,2023/24,Maha,MANNAR,District,19739,7763,480,27982,19739,7763,480,27982,4580,3847,1708,4327,26717,115602
916,2023,2023/24,Maha,MATALE,District,7365,7113,4398,18876,7332,7106,4358,18796,4713,4160,3975,4333,16903,73239
917,2023,2023/24,Maha,MATARA,District,2537,2731,5108,10376,2448,2691,5062,10201,3395,3014,3119,3158,8054,25432
918,2023,2023/24,Maha,MONARAGALA,District,9375,11689,15421,36485,9370,11686,15419,36475,4871,4385,3515,4142,35745,148069
919,2023,2023/24,Maha,MULATIVU,District,8952,5460,11230,25642,8450,5188,9436,23074,3387,3393,2458,3009,21771,65506
920,2023,2023/24,Maha,NUWARAELIYA,District,709,3805,13,4527,709,3802,13,4524,4388,4212,3785,4238,2549,10804
921,2023,2023/24,Maha,POLONNARUWA,District,59222,7816,2945,69983,59196,7702,2945,69843,4822,4023,3937,4697,61783,290191
922,2023,2023/24,Maha,PUTTALAM,District,8065,10515,2072,20652,7482,10031,1987,19500,4240,3575,3700,3843,16576,63699
923,2023,2023/24,Maha,RATNAPURA,District,4486,5799,2645,12930,4485,5787,2636,12908,6144,3416,3109,4301,10971,47224
924,2023,2023/24,Maha,TRINCOMALEE,District,24685,9982,13816,48483,24685,9982,13816,48483,4152,2765,2548,3409,45040,153558
925,2023,2023/24,Maha,VAVUNIYA,District,4736,14332,4344,23412,4655,13956,4175,22786,4242,3866,3510,3878,21498,83359
926,2023,2023,Yala,AMPARA,District,60510,2308,366,63184,60506,2304,366,63176,4358,3986,3251,4338,60377,261938
927,2023,2023,Yala,ANURADHAPURA,District,43099,22007,418,65524,42888,21549,415,64852,4563,3790,3969,4302,52148,224321
928,2023,2023,Yala,BADULLA,District,8251,4785,163,13199,8251,4762,163,13176,4592,4491,4451,4554,11200,51003
929,2023,2023,Yala,BATTICALOA,District,29078,4418,70,33566,29078,4418,70,33566,3580,3401,3549,3557,29625,105366
930,2023,2023,Yala,COLOMBO,District,210,278,1730,2218,208,278,1729,2215,2133,2542,2372,2371,1883,4464
931,2023,2023,Yala,GALLE,District,,127,5556,5683,,80,4944,5024,,2328,2167,2169,3931,8527
932,2023,2023,Yala,GAMPAHA,District,1570,1481,5609,8660,1454,1474,5539,8467,2370,3242,2424,2557,7197,18401
933,2023,2023,Yala,HAMBANTOTA,District,29254,4558,1135,34947,27781,4128,1011,32920,5289,4253,2938,5087,28762,146310
934,2023,2023,Yala,JAFFNA,District,,,,,,,,,,,,,,
935,2023,2023,Yala,KALUTARA,District,112,1090,7930,9132,112,1090,7913,9115,3122,2946,2415,2487,8408,20913
936,2023,2023,Yala,KANDY,District,4196,3296,2408,9900,4196,3266,2399,9861,4811,2846,3172,3762,7798,29335
937,2023,2023,Yala,KEGALLE,District,,690,5804,6494,,690,5692,6382,,3142,2954,2974,5979,17782
938,2023,2023,Yala,KILLINOCHCHI,District,6807,75,,6882,6807,75,,6882,3999,3010,,3988,6107,24355
939,2023,2023,Yala,KURUNEGALA,District,15199,28892,21197,65288,14993,26925,17933,59851,4237,3301,3004,3447,59851,206292
940,2023,2023,Yala,MANNAR,District,1983,391,,2374,1982,387,,2369,5045,3704,,4826,2262,10918
941,2023,2023,Yala,MATALE,District,6820,4124,813,11757,6771,4039,756,11566,4293,3716,2527,3976,10402,41359
942,2023,2023,Yala,MATARA,District,3469,3941,5562,12972,2201,2697,4811,9709,3573,2930,2775,2999,7666,22989
943,2023,2023,Yala,MONARAGALA,District,8277,6787,1497,16561,8274,6737,1479,16490,4455,3823,2555,4026,16160,65066
944,2023,2023,Yala,MULATIVU,District,4203,1549,,5752,4203,1549,,5752,4428,4389,,4418,5427,23973
945,2023,2023,Yala,NUWARAELIYA,District,520,1916,3,2439,520,1913,3,2436,4177,4104,3694,4119,1372,5653
946,2023,2023,Yala,POLONNARUWA,District,58149,7852,32,66033,58147,7811,32,65990,4986,4421,3686,4918,58375,287105
947,2023,2023,Yala,PUTTALAM,District,8189,8341,1142,17672,8180,8049,1041,17270,4180,3443,3730,3810,14680,55932
948,2023,2023,Yala,RATNAPURA,District,4430,4584,1473,10487,4397,4564,1463,10424,5661,3164,3002,4195,8861,37169
949,2023,2023,Yala,TRINCOMALEE,District,23787,4726,136,28649,23787,4726,136,28649,4979,3757,3577,4771,26615,126977
950,2023,2023,Yala,VAVUNIYA,District,2063,3640,,5703,2036,3494,,5530,4068,4074,,4071,5218,21243
951,2024,2024/25,Maha,AMPARA,District,62340,4108,15009,81457,57310,3611,14022,74943,4223,4252,2676,3935,71623,281814
952,2024,2024/25,Maha,ANURADHAPURA,District,56577,53536,17404,127517,56485,53383,17335,127203,5032,3759,3307,4263,102284,435988
953,2024,2024/25,Maha,BADULLA,District,10677,9496,5124,25297,10677,9496,5124,25297,4147,4224,3144,3973,21502,85428
954,2024,2024/25,Maha,BATTICALOA,District,30219,4142,37176,71537,29229,4031,37032,70292,2529,2294,2549,2526,62040,156727
955,2024,2024/25,Maha,COLOMBO,District,299,504,2506,3309,297,504,2499,3300,3289,3382,2717,2870,2805,8051
956,2024,2024/25,Maha,GALLE,District,,244,7222,7466,,242,7161,7403,,2573,2982,2968,5794,17198
957,2024,2024/25,Maha,GAMPAHA,District,1410,1494,7022,9926,1407,1494,7008,9909,3277,2906,3391,3302,8423,27810
958,2024,2024/25,Maha,HAMBANTOTA,District,29320,5891,1127,36338,29213,5834,1127,36174,6043,4452,4063,5725,31606,180925
959,2024,2024/25,Maha,JAFFNA,District,,,11352,11352,,,9744,9744,,,2246,2246,8647,19426
960,2024,2024/25,Maha,KALUTARA,District,59,985,8589,9633,59,982,8589,9630,3167,2988,2695,2727,8884,24229
961,2024,2024/25,Maha,KANDY,District,4332,4288,2582,11202,4332,4288,2581,11201,3833,3261,3252,3480,8858,30827
962,2024,2024/25,Maha,KEGALLE,District,,632,5512,6144,,632,5505,6137,,3785,3737,3742,5749,21509
963,2024,2024/25,Maha,KILLINOCHCHI,District,11880,425,15557,27862,11841,425,15540,27806,2663,2659,2397,2514,24675,62033
964,2024,2024/25,Maha,KURUNEGALA,District,18358,36552,27001,81911,18327,36167,26849,81343,4656,3968,3540,3982,81343,323867
965,2024,2024/25,Maha,MANNAR,District,14259,6349,497,21105,14187,6184,458,20829,5315,3627,3569,4776,19887,94978
966,2024,2024/25,Maha,MATALE,District,7453,6162,4174,17789,7451,6155,4173,17779,4649,4377,4447,4507,15989,72064
967,2024,2024/25,Maha,MATARA,District,2922,3156,4733,10811,2922,3154,4733,10809,4112,3427,3121,3479,8534,29671
968,2024,2024/25,Maha,MONARAGALA,District,9236,11355,15247,35838,9236,11355,15247,35838,5326,4299,3301,4139,35121,145378
969,2024,2024/25,Maha,MULATIVU,District,8988,5465,11184,25637,7532,4678,9407,21617,3544,3161,2317,2927,20395,59691
970,2024,2024/25,Maha,NUWARAELIYA,District,684,3679,11,4374,675,3671,11,4357,3290,3174,1635,3188,2455,7826
971,2024,2024/25,Maha,POLONNARUWA,District,59401,7852,2923,70176,59290,7421,2923,69634,4831,4772,4099,4794,61598,295310
972,2024,2024/25,Maha,PUTTALAM,District,8170,10137,1882,20189,8099,9906,1818,19823,4514,3618,3489,3972,16849,66930
973,2024,2024/25,Maha,RATNAPURA,District,4454,5348,2202,12004,4454,5348,2202,12004,6592,3124,3167,4419,10204,45085
974,2024,2024/25,Maha,TRINCOMALEE,District,24681,9871,13767,48319,24681,9871,13767,48319,4290,3982,3159,3905,44888,175283
975,2024,2024/25,Maha,VAVUNIYA,District,4754,14309,4207,23270,4592,13854,4130,22576,3127,3677,4015,3627,21300,77250
976,2024,2024,Yala,AMPARA,District,60453,2270,442,63165,60449,2270,442,63161,5571,4860,3710,5532,60363,333935
977,2024,2024,Yala,ANURADHAPURA,District,40585,20741,373,61699,40579,20708,373,61660,5232,4161,3657,4863,49580,241103
978,2024,2024,Yala,BADULLA,District,8194,3986,13,12193,8194,3970,13,12177,5117,4735,4311,4992,10351,51667
979,2024,2024,Yala,BATTICALOA,District,29152,4430,70,33652,29152,4430,70,33652,3629,3331,3146,3589,29701,106587
980,2024,2024,Yala,COLOMBO,District,188,163,1228,1579,178,163,1197,1538,2322,1930,1929,1975,1307,2582
981,2024,2024,Yala,GALLE,District,,115,3744,3859,,115,3646,3761,,4464,2544,2602,2943,7658
982,2024,2024,Yala,GAMPAHA,District,1314,953,3750,6017,1077,940,3715,5732,2736,2440,2957,2831,4872,13793
983,2024,2024,Yala,HAMBANTOTA,District,29175,5131,947,35253,29173,5128,945,35246,5624,4414,3115,5381,30794,165702
984,2024,2024,Yala,JAFFNA,District,,,,,,,,,,,,,,
985,2024,2024,Yala,KALUTARA,District,53,728,5184,5965,53,720,5166,5939,2917,2661,2697,2694,5478,14759
986,2024,2024,Yala,KANDY,District,4178,2743,1925,8846,4176,2739,1925,8840,2651,3107,2956,2859,6990,19995
987,2024,2024,Yala,KEGALLE,District,,464,3874,4338,,464,3874,4338,,2751,2900,2884,4063,11718
988,2024,2024,Yala,KILLINOCHCHI,District,9099,110,,9209,9099,110,,9209,4335,4669,,4339,8173,35463
989,2024,2024,Yala,KURUNEGALA,District,14542,26293,16267,57102,14474,26044,16179,56697,4396,3773,2989,3708,56696,210243
990,2024,2024,Yala,MANNAR,District,2275,705,,2980,2274,704,,2978,2060,2583,,2184,2843,6210
991,2024,2024,Yala,MATALE,District,6653,3491,525,10669,6653,3491,525,10669,4893,3962,3103,4500,9595,43178
992,2024,2024,Yala,MATARA,District,2896,3178,4575,10649,2896,3178,4575,10649,3166,3003,2745,2936,8407,24687
993,2024,2024,Yala,MONARAGALA,District,8391,6968,1100,16459,8354,6967,1099,16420,4782,4102,2403,4334,16091,69742
994,2024,2024,Yala,MULATIVU,District,6348,1874,,8222,6348,1858,,8206,4008,4846,,4198,7743,32502
995,2024,2024,Yala,NUWARAELIYA,District,427,1694,11,2132,427,1693,11,2131,4357,3791,3858,3905,1201,4690
996,2024,2024,Yala,POLONNARUWA,District,58751,7863,,66614,58751,7863,,66614,5791,5154,,5716,58927,336801
997,2024,2024,Yala,PUTTALAM,District,7073,8008,1013,16094,6726,7551,913,15190,3804,3496,3115,3609,12911,46600
998,2024,2024,Yala,RATNAPURA,District,4479,4485,1367,10331,4479,4485,1367,10331,6678,3119,2394,4566,8781,40096
999,2024,2024,Yala,TRINCOMALEE,District,24761,4012,,28773,24761,4012,,28773,5050,5067,,5053,26730,135054
1000,2024,2024,Yala,VAVUNIYA,District,3002,2514,,5516,3002,2514,,5516,4305,4021,,4175,5204,21731
